,Date,EXCHCD,TICKER,COMNAM,BIDLO,ASKHI,PRC,VOL,RET,SHROUT,OPENPRC,vwretx
1031570,2019-01-02,3.0,INTC,INTEL CORP,45.77,47.47,47.08,18761673.0,0.003196,4564000.0,45.96,0.001783
1031571,2019-01-03,3.0,INTC,INTEL CORP,44.39,46.28,44.49,32254097.0,-0.055013,4564000.0,46.15,-0.021219
1031572,2019-01-04,3.0,INTC,INTEL CORP,45.54,47.57,47.22,35419836.0,0.061362,4564000.0,45.835,0.033399
1031573,2019-01-07,3.0,INTC,INTEL CORP,46.75,47.995,47.44,22724997.0,0.004659,4564000.0,47.1,0.009191
1031574,2019-01-08,3.0,INTC,INTEL CORP,46.78,48.03,47.74,22721240.0,0.006324,4564000.0,47.8,0.01024
1031575,2019-01-09,3.0,INTC,INTEL CORP,47.78,48.57,48.01,22545591.0,0.005656,4564000.0,47.96,0.005952
1031576,2019-01-10,3.0,INTC,INTEL CORP,47.41,48.65,48.56,27185675.0,0.011456,4564000.0,47.75,0.004468
1031577,2019-01-11,3.0,INTC,INTEL CORP,48.05,49.291,48.93,21729091.0,0.007619,4564000.0,48.1,-0.000161
1031578,2019-01-14,3.0,INTC,INTEL CORP,48.3,48.83,48.35,19186310.0,-0.011854,4564000.0,48.46,-0.005556
1031579,2019-01-15,3.0,INTC,INTEL CORP,48.44,49.13,48.6,22454420.0,0.005171,4564000.0,48.71,0.009812
1031580,2019-01-16,3.0,INTC,INTEL CORP,48.08,48.89,48.13,19051907.0,-0.009671,4564000.0,48.6,0.003156
1031581,2019-01-17,3.0,INTC,INTEL CORP,47.905,48.84,48.47,17428829.0,0.007064,4564000.0,48.0,0.007029
1031582,2019-01-18,3.0,INTC,INTEL CORP,48.69,49.38,49.19,29867570.0,0.014854,4564000.0,49.11,0.012011
1031583,2019-01-22,3.0,INTC,INTEL CORP,47.87,48.98,48.27,25935622.0,-0.018703,4564000.0,48.96,-0.014186
1031584,2019-01-23,3.0,INTC,INTEL CORP,47.52,48.8,47.94,18955406.0,-0.006837,4564000.0,48.41,0.001263
1031585,2019-01-24,3.0,INTC,INTEL CORP,48.6,50.035,49.76,50577692.0,0.037964,4564000.0,48.7,0.002762
1031586,2019-01-25,3.0,INTC,INTEL CORP,45.75,47.43,47.04,86450198.0,-0.054662,4497000.0,46.85,0.009511
1031587,2019-01-28,3.0,INTC,INTEL CORP,46.05,46.73,46.71,35922104.0,-0.007015,4497000.0,46.13,-0.0065
1031588,2019-01-29,3.0,INTC,INTEL CORP,46.33,46.97,46.54,20936842.0,-0.003639,4497000.0,46.78,-0.000924
1031589,2019-01-30,3.0,INTC,INTEL CORP,46.45,47.68,47.54,26925544.0,0.021487,4497000.0,46.68,0.014227
1031590,2019-01-31,3.0,INTC,INTEL CORP,46.1,47.18,47.12,42976716.0,-0.008835,4497000.0,46.7,0.008282
1031591,2019-02-01,3.0,INTC,INTEL CORP,47.01,49.05,48.73,37380726.0,0.034168,4497000.0,47.06,0.001282
1031592,2019-02-04,3.0,INTC,INTEL CORP,48.24,49.24,49.22,20870094.0,0.010055,4497000.0,48.62,0.006648
1031593,2019-02-05,3.0,INTC,INTEL CORP,49.18,50.7159,50.01,31558270.0,0.016050,4497000.0,49.18,0.004376
1031594,2019-02-06,3.0,INTC,INTEL CORP,49.82,50.64,49.9,21630173.0,0.004099,4497000.0,49.95,-0.00261
1031595,2019-02-07,3.0,INTC,INTEL CORP,48.68,49.85,49.23,27811375.0,-0.013427,4497000.0,49.5,-0.008941
1031596,2019-02-08,3.0,INTC,INTEL CORP,48.01,49.02,48.84,18821015.0,-0.007922,4497000.0,48.77,0.000396
1031597,2019-02-11,3.0,INTC,INTEL CORP,48.58,49.32,48.77,17992188.0,-0.001433,4497000.0,49.02,0.001238
1031598,2019-02-12,3.0,INTC,INTEL CORP,49.27,50.14,50.01,18010572.0,0.025425,4497000.0,49.36,0.012305
1031599,2019-02-13,3.0,INTC,INTEL CORP,50.0,50.81,50.47,17681907.0,0.009198,4497000.0,50.13,0.002718
1031600,2019-02-14,3.0,INTC,INTEL CORP,50.35,51.04,50.81,17491665.0,0.006737,4497000.0,50.41,-0.001763
1031601,2019-02-15,3.0,INTC,INTEL CORP,51.09,51.67,51.66,22486269.0,0.016729,4497000.0,51.25,0.010757
1031602,2019-02-19,3.0,INTC,INTEL CORP,51.34,51.71,51.4,15570472.0,-0.005033,4497000.0,51.35,0.002294
1031603,2019-02-20,3.0,INTC,INTEL CORP,51.06,51.73,51.39,21581826.0,-0.000195,4497000.0,51.63,0.001967
1031604,2019-02-21,3.0,INTC,INTEL CORP,51.21,51.84,51.41,16141441.0,0.000389,4497000.0,51.32,-0.003598
1031605,2019-02-22,3.0,INTC,INTEL CORP,52.055,52.975,52.49,31917946.0,0.021008,4497000.0,52.7,0.006314
1031606,2019-02-25,3.0,INTC,INTEL CORP,52.86,53.61,53.1,20695252.0,0.011621,4497000.0,53.06,0.00126
1031607,2019-02-26,3.0,INTC,INTEL CORP,52.91,53.37,53.23,16064913.0,0.002448,4497000.0,53.01,-0.001514
1031608,2019-02-27,3.0,INTC,INTEL CORP,52.51,53.38,53.24,17582109.0,0.000188,4497000.0,52.76,0.000356
1031609,2019-02-28,3.0,INTC,INTEL CORP,52.81,53.18,52.96,18376720.0,-0.005259,4497000.0,52.92,-0.003059
1031610,2019-03-01,3.0,INTC,INTEL CORP,52.89,53.68,53.3,18343734.0,0.006420,4497000.0,53.44,0.005966
1031611,2019-03-04,3.0,INTC,INTEL CORP,53.205,54.1,53.94,21718345.0,0.012007,4497000.0,53.75,-0.004261
1031612,2019-03-05,3.0,INTC,INTEL CORP,53.11,53.99,53.68,21038045.0,-0.004820,4497000.0,53.85,-0.001349
1031613,2019-03-06,3.0,INTC,INTEL CORP,52.94,53.65,52.95,14717982.0,-0.013599,4497000.0,53.63,-0.007799
1031614,2019-03-07,3.0,INTC,INTEL CORP,52.36,52.985,52.6,18067352.0,-0.006610,4497000.0,52.77,-0.007671
1031615,2019-03-08,3.0,INTC,INTEL CORP,51.7,52.56,52.48,16778891.0,-0.002281,4497000.0,51.97,-0.001992
1031616,2019-03-11,3.0,INTC,INTEL CORP,52.57,53.65,53.35,18941836.0,0.016578,4497000.0,52.88,0.014316
1031617,2019-03-12,3.0,INTC,INTEL CORP,53.175,53.96,53.57,20765577.0,0.004124,4497000.0,53.34,0.002711
1031618,2019-03-13,3.0,INTC,INTEL CORP,53.65,54.57,54.37,25503112.0,0.014934,4497000.0,54.0,0.00635
1031619,2019-03-14,3.0,INTC,INTEL CORP,53.33,54.45,53.44,26619560.0,-0.017105,4497000.0,54.3,-0.001327
1031620,2019-03-15,3.0,INTC,INTEL CORP,53.68,54.69,54.33,46431939.0,0.016654,4497000.0,53.68,0.004445
1031621,2019-03-18,3.0,INTC,INTEL CORP,53.87,54.505,54.1,16260444.0,-0.004233,4498668.0,54.42,0.004419
1031622,2019-03-19,3.0,INTC,INTEL CORP,54.0,54.645,54.17,18255367.0,0.001294,4498668.0,54.47,-0.00072
1031623,2019-03-20,3.0,INTC,INTEL CORP,53.61,54.4,53.82,24274980.0,-0.006461,4498668.0,54.06,-0.003265
1031624,2019-03-21,3.0,INTC,INTEL CORP,53.84,54.99,54.64,19088483.0,0.015236,4498668.0,53.92,0.010215
1031625,2019-03-22,3.0,INTC,INTEL CORP,53.21,54.615,53.26,21427490.0,-0.025256,4498668.0,54.4,-0.020391
1031626,2019-03-25,3.0,INTC,INTEL CORP,52.375,53.545,52.78,16948334.0,-0.009012,4498668.0,52.97,-0.000409
1031627,2019-03-26,3.0,INTC,INTEL CORP,53.04,53.77,53.44,17705614.0,0.012505,4498668.0,53.32,0.007708
1031628,2019-03-27,3.0,INTC,INTEL CORP,52.94,53.86,53.16,19636473.0,-0.005239,4498668.0,53.59,-0.004711
1031629,2019-03-28,3.0,INTC,INTEL CORP,52.77,53.44,53.11,13578581.0,-0.000941,4498668.0,53.25,0.003823
1031630,2019-03-29,3.0,INTC,INTEL CORP,53.48,54.04,53.7,18718414.0,0.011109,4477000.0,53.8,0.005972
1031631,2019-04-01,3.0,INTC,INTEL CORP,54.1,54.57,54.51,17817815.0,0.015084,4477000.0,54.34,0.011159
1031632,2019-04-02,3.0,INTC,INTEL CORP,54.225,54.8,54.36,13680032.0,-0.002752,4477000.0,54.53,-0.00018
1031633,2019-04-03,3.0,INTC,INTEL CORP,54.89,55.99,55.48,24524698.0,0.020603,4477000.0,55.03,0.002535
1031634,2019-04-04,3.0,INTC,INTEL CORP,55.27,56.14,55.92,16487053.0,0.007931,4477000.0,55.27,0.001776
1031635,2019-04-05,3.0,INTC,INTEL CORP,54.87,55.95,55.6,19240943.0,-0.005722,4477000.0,55.75,0.00511
1031636,2019-04-08,3.0,INTC,INTEL CORP,55.2,55.74,55.68,11738482.0,0.001439,4477000.0,55.28,0.001025
1031637,2019-04-09,3.0,INTC,INTEL CORP,54.9,55.43,55.32,13317377.0,-0.006466,4477000.0,55.35,-0.006506
1031638,2019-04-10,3.0,INTC,INTEL CORP,55.32,55.86,55.75,13046962.0,0.007773,4477000.0,55.32,0.004709
1031639,2019-04-11,3.0,INTC,INTEL CORP,55.63,56.07,55.8,10817786.0,0.000897,4477000.0,55.76,-0.000139
1031640,2019-04-12,3.0,INTC,INTEL CORP,55.84,56.49,56.42,12877768.0,0.011111,4477000.0,56.21,0.006341
1031641,2019-04-15,3.0,INTC,INTEL CORP,55.92,56.555,56.28,11659046.0,-0.002481,4477000.0,56.46,-0.001043
1031642,2019-04-16,3.0,INTC,INTEL CORP,56.07,57.47,56.71,30266578.0,0.007640,4477000.0,56.66,0.000696
1031643,2019-04-17,3.0,INTC,INTEL CORP,58.12,59.59,58.56,38747599.0,0.032622,4477000.0,58.44,-0.003126
1031644,2019-04-18,3.0,INTC,INTEL CORP,58.1238,58.88,58.49,20450193.0,-0.001195,4477000.0,58.71,0.001043
1031645,2019-04-22,3.0,INTC,INTEL CORP,57.88,58.83,58.82,12304298.0,0.005642,4477000.0,58.15,0.000526
1031646,2019-04-23,3.0,INTC,INTEL CORP,58.5,58.98,58.78,17713976.0,-0.000680,4477000.0,58.89,0.00883
1031647,2019-04-24,3.0,INTC,INTEL CORP,58.14,59.2899,58.72,17701162.0,-0.001021,4477000.0,58.52,-0.002096
1031648,2019-04-25,3.0,INTC,INTEL CORP,57.23,58.38,57.61,27903643.0,-0.018903,4477000.0,58.3,-0.001475
1031649,2019-04-26,3.0,INTC,INTEL CORP,51.52,53.09,52.43,72324044.0,-0.089915,4477000.0,52.74,0.005325
1031650,2019-04-29,3.0,INTC,INTEL CORP,51.0,52.43,51.11,42127300.0,-0.025176,4477000.0,52.17,0.001373
1031651,2019-04-30,3.0,INTC,INTEL CORP,50.87,51.43,51.04,27123092.0,-0.001370,4477000.0,51.0,0.000314
1031652,2019-05-01,3.0,INTC,INTEL CORP,50.74,51.6,50.76,20449918.0,-0.005486,4477000.0,51.1,-0.007596
1031653,2019-05-02,3.0,INTC,INTEL CORP,50.12,51.325,50.55,22634207.0,-0.004137,4477000.0,50.8,-0.001748
1031654,2019-05-03,3.0,INTC,INTEL CORP,50.73,51.82,51.75,25548868.0,0.023739,4477000.0,51.08,0.010805
1031655,2019-05-06,3.0,INTC,INTEL CORP,50.19,51.28,51.22,26222926.0,-0.004155,4477000.0,50.25,-0.003971
1031656,2019-05-07,3.0,INTC,INTEL CORP,49.93,50.88,50.48,29702405.0,-0.014448,4477000.0,50.6,-0.016155
1031657,2019-05-08,3.0,INTC,INTEL CORP,49.07,50.79,49.24,36912429.0,-0.024564,4477000.0,50.2,-0.001653
1031658,2019-05-09,3.0,INTC,INTEL CORP,46.05,48.29,46.62,59580986.0,-0.053209,4477000.0,47.9,-0.003028
1031659,2019-05-10,3.0,INTC,INTEL CORP,45.1,46.8,46.2,42383291.0,-0.009009,4477000.0,46.44,0.003795
1031660,2019-05-13,3.0,INTC,INTEL CORP,44.7,45.64,44.76,39172510.0,-0.031169,4477000.0,45.33,-0.024509
1031661,2019-05-14,3.0,INTC,INTEL CORP,44.87,45.485,45.17,24675273.0,0.009160,4477000.0,45.18,0.008823
1031662,2019-05-15,3.0,INTC,INTEL CORP,44.76,45.75,45.62,23386493.0,0.009962,4477000.0,44.92,0.005591
1031663,2019-05-16,3.0,INTC,INTEL CORP,45.42,45.95,45.53,19920332.0,-0.001973,4477000.0,45.47,0.008251
1031664,2019-05-17,3.0,INTC,INTEL CORP,44.7637,45.73,44.89,22465160.0,-0.014057,4477000.0,45.18,-0.006858
1031665,2019-05-20,3.0,INTC,INTEL CORP,43.4538,44.52,43.56,28620965.0,-0.029628,4477000.0,44.0,-0.006567
1031666,2019-05-21,3.0,INTC,INTEL CORP,44.175,44.78,44.46,25487171.0,0.020661,4477000.0,44.34,0.00891
1031667,2019-05-22,3.0,INTC,INTEL CORP,43.845,44.46,44.0,16890211.0,-0.010346,4477000.0,44.15,-0.003814
1031668,2019-05-23,3.0,INTC,INTEL CORP,42.86,44.74,44.53,35744594.0,0.012045,4477000.0,43.37,-0.012783
1031669,2019-05-24,3.0,INTC,INTEL CORP,44.49,45.05,44.57,27092466.0,0.000898,4477000.0,44.59,0.002657
1031670,2019-05-28,3.0,INTC,INTEL CORP,43.3,44.69,43.57,34804363.0,-0.022437,4477000.0,44.66,-0.00752
1031671,2019-05-29,3.0,INTC,INTEL CORP,43.3333,44.53,44.23,28426677.0,0.015148,4477000.0,43.35,-0.006918
1031672,2019-05-30,3.0,INTC,INTEL CORP,44.23,45.03,44.73,21599259.0,0.011305,4477000.0,44.3,0.001256
1031673,2019-05-31,3.0,INTC,INTEL CORP,43.93,44.79,44.04,25504629.0,-0.015426,4477000.0,44.18,-0.011878
1031674,2019-06-03,3.0,INTC,INTEL CORP,43.2,44.585,43.46,31126385.0,-0.013170,4477000.0,44.25,-0.002217
1031675,2019-06-04,3.0,INTC,INTEL CORP,43.77,44.855,44.79,28078496.0,0.030603,4477000.0,44.16,0.020846
1031676,2019-06-05,3.0,INTC,INTEL CORP,44.19,45.18,44.55,20742463.0,-0.005358,4477000.0,45.11,0.006402
1031677,2019-06-06,3.0,INTC,INTEL CORP,44.505,45.17,45.1,18998790.0,0.012346,4477000.0,44.75,0.004934
1031678,2019-06-07,3.0,INTC,INTEL CORP,45.1,46.12,46.03,24249985.0,0.020621,4477000.0,45.25,0.009588
1031679,2019-06-10,3.0,INTC,INTEL CORP,46.2,47.19,46.8,20776073.0,0.016728,4477000.0,46.23,0.004783
1031680,2019-06-11,3.0,INTC,INTEL CORP,46.52,47.32,46.85,18289141.0,0.001068,4477000.0,47.26,-0.000633
1031681,2019-06-12,3.0,INTC,INTEL CORP,46.25,46.67,46.32,15884869.0,-0.011313,4477000.0,46.67,-0.001915
1031682,2019-06-13,3.0,INTC,INTEL CORP,46.53,46.955,46.7,12253233.0,0.008204,4477000.0,46.6,0.004579
1031683,2019-06-14,3.0,INTC,INTEL CORP,45.5459,46.42,46.19,15341677.0,-0.010921,4477000.0,45.83,-0.002818
1031684,2019-06-17,3.0,INTC,INTEL CORP,45.8,46.53,46.13,12517490.0,-0.001299,4477000.0,46.14,0.001303
1031685,2019-06-18,3.0,INTC,INTEL CORP,46.6,48.0,47.37,25671693.0,0.026881,4477000.0,46.75,0.009941
1031686,2019-06-19,3.0,INTC,INTEL CORP,47.0,47.58,47.07,17375919.0,-0.006333,4477000.0,47.48,0.003732
1031687,2019-06-20,3.0,INTC,INTEL CORP,46.87,48.05,47.19,20088680.0,0.002549,4477000.0,47.87,0.008719
1031688,2019-06-21,3.0,INTC,INTEL CORP,46.8,47.73,47.46,31070851.0,0.005722,4477000.0,46.95,-0.002599
1031689,2019-06-24,3.0,INTC,INTEL CORP,47.17,47.8455,47.63,14457402.0,0.003582,4477000.0,47.4,-0.002943
1031690,2019-06-25,3.0,INTC,INTEL CORP,46.8,47.68,46.85,16634253.0,-0.016376,4477000.0,47.56,-0.008988
1031691,2019-06-26,3.0,INTC,INTEL CORP,47.56,48.48,48.19,21850433.0,0.028602,4477000.0,47.65,-0.001062
1031692,2019-06-27,3.0,INTC,INTEL CORP,47.24,48.42,47.46,22999614.0,-0.015148,4477000.0,48.15,0.005561
1031693,2019-06-28,3.0,INTC,INTEL CORP,47.68,48.2,47.87,26626633.0,0.008639,4430000.0,47.77,0.006597
1031694,2019-07-01,3.0,INTC,INTEL CORP,47.745,49.45,48.05,27443879.0,0.003760,4430000.0,49.29,0.006612
1031695,2019-07-02,3.0,INTC,INTEL CORP,47.69,48.22,48.12,15282856.0,0.001457,4430000.0,47.91,0.001988
1031696,2019-07-03,3.0,INTC,INTEL CORP,47.995,48.56,48.52,10721800.0,0.008313,4430000.0,48.18,0.007527
1031697,2019-07-05,3.0,INTC,INTEL CORP,47.44,48.175,48.08,14308375.0,-0.009068,4430000.0,48.03,-0.0012
1031698,2019-07-08,3.0,INTC,INTEL CORP,47.07,47.95,47.82,16525160.0,-0.005408,4430000.0,47.62,-0.005374
1031699,2019-07-09,3.0,INTC,INTEL CORP,47.13,47.8,47.75,17807987.0,-0.001464,4430000.0,47.36,0.00155
1031700,2019-07-10,3.0,INTC,INTEL CORP,47.9,48.61,48.21,16020721.0,0.009633,4430000.0,47.92,0.004047
1031701,2019-07-11,3.0,INTC,INTEL CORP,48.31,48.78,48.6,16560482.0,0.008090,4430000.0,48.56,0.00124
1031702,2019-07-12,3.0,INTC,INTEL CORP,48.81,49.93,49.92,20104568.0,0.027160,4430000.0,49.0,0.00459
1031703,2019-07-15,3.0,INTC,INTEL CORP,49.7693,50.25,50.12,14322981.0,0.004006,4430000.0,50.0,-0.000165
1031704,2019-07-16,3.0,INTC,INTEL CORP,48.96,50.0,49.17,17098584.0,-0.018955,4430000.0,49.91,-0.00298
1031705,2019-07-17,3.0,INTC,INTEL CORP,49.24,49.7,49.39,11876946.0,0.004474,4430000.0,49.5,-0.005601
1031706,2019-07-18,3.0,INTC,INTEL CORP,48.89,49.99,49.94,15610129.0,0.011136,4430000.0,49.28,0.003286
1031707,2019-07-19,3.0,INTC,INTEL CORP,49.91,50.66,50.27,29071572.0,0.006608,4430000.0,49.96,-0.005648
1031708,2019-07-22,3.0,INTC,INTEL CORP,49.89,51.515,51.35,21602681.0,0.021484,4430000.0,50.005,0.002265
1031709,2019-07-23,3.0,INTC,INTEL CORP,51.3,52.0,51.75,18342682.0,0.007790,4430000.0,52.0,0.006228
1031710,2019-07-24,3.0,INTC,INTEL CORP,51.8,52.97,52.92,20819046.0,0.022609,4430000.0,51.98,0.005941
1031711,2019-07-25,3.0,INTC,INTEL CORP,51.88,52.6,52.16,27717654.0,-0.014361,4430000.0,52.51,-0.006395
1031712,2019-07-26,3.0,INTC,INTEL CORP,51.53,53.5,51.59,36319303.0,-0.010928,4430000.0,52.69,0.007277
1031713,2019-07-29,3.0,INTC,INTEL CORP,50.78,52.5599,52.51,21778355.0,0.017833,4430000.0,51.53,-0.002673
1031714,2019-07-30,3.0,INTC,INTEL CORP,51.56,52.31,51.7,16462986.0,-0.015426,4430000.0,51.71,-0.001424
1031715,2019-07-31,3.0,INTC,INTEL CORP,50.05,51.72,50.55,24132251.0,-0.022244,4430000.0,51.51,-0.01002
1031716,2019-08-01,3.0,INTC,INTEL CORP,49.47,51.89,49.5,33956169.0,-0.020771,4430000.0,50.52,-0.009321
1031717,2019-08-02,3.0,INTC,INTEL CORP,48.5,49.36,48.68,27812047.0,-0.016566,4430000.0,49.09,-0.007891
1031718,2019-08-05,3.0,INTC,INTEL CORP,46.57,47.9599,46.97,38777597.0,-0.035127,4430000.0,47.76,-0.02849
1031719,2019-08-06,3.0,INTC,INTEL CORP,46.765,47.56,46.96,26017163.0,0.006493,4430000.0,47.15,0.011837
1031720,2019-08-07,3.0,INTC,INTEL CORP,45.97,46.88,46.73,29359793.0,-0.004898,4430000.0,46.3,0.001263
1031721,2019-08-08,3.0,INTC,INTEL CORP,45.91,47.365,47.17,30509740.0,0.009416,4430000.0,46.16,0.018294
1031722,2019-08-09,3.0,INTC,INTEL CORP,45.78,47.0,45.98,24860591.0,-0.025228,4430000.0,46.94,-0.007314
1031723,2019-08-12,3.0,INTC,INTEL CORP,45.44,46.07,45.6,18416141.0,-0.008264,4430000.0,45.76,-0.012145
1031724,2019-08-13,3.0,INTC,INTEL CORP,45.36,47.045,46.84,29189061.0,0.027193,4430000.0,45.49,0.013288
1031725,2019-08-14,3.0,INTC,INTEL CORP,45.65,46.625,45.87,25502815.0,-0.020709,4430000.0,46.06,-0.028069
1031726,2019-08-15,3.0,INTC,INTEL CORP,45.435,46.18,45.7,21886783.0,-0.003706,4430000.0,46.1,0.001597
1031727,2019-08-16,3.0,INTC,INTEL CORP,46.06,46.68,46.5,23207952.0,0.017505,4430000.0,46.34,0.014762
1031728,2019-08-19,3.0,INTC,INTEL CORP,47.04,47.6,47.23,21369082.0,0.015699,4430000.0,47.46,0.010602
1031729,2019-08-20,3.0,INTC,INTEL CORP,46.46,47.12,46.6,23063737.0,-0.013339,4430000.0,47.03,-0.00681
1031730,2019-08-21,3.0,INTC,INTEL CORP,46.8901,47.29,47.15,15855209.0,0.011803,4430000.0,47.11,0.007888
1031731,2019-08-22,3.0,INTC,INTEL CORP,46.69,47.43,46.78,19734968.0,-0.007847,4430000.0,47.28,-0.001054
1031732,2019-08-23,3.0,INTC,INTEL CORP,44.8,46.63,44.96,32767444.0,-0.038906,4430000.0,46.35,-0.024262
1031733,2019-08-26,3.0,INTC,INTEL CORP,45.25,45.82,45.56,22034824.0,0.013345,4430000.0,45.82,0.009895
1031734,2019-08-27,3.0,INTC,INTEL CORP,45.5,46.12,45.79,16892619.0,0.005048,4430000.0,45.87,-0.003866
1031735,2019-08-28,3.0,INTC,INTEL CORP,45.37,45.91,45.79,14878325.0,0.000000,4430000.0,45.7,0.006299
1031736,2019-08-29,3.0,INTC,INTEL CORP,46.4,47.22,46.87,17774245.0,0.023586,4430000.0,46.46,0.012391
1031737,2019-08-30,3.0,INTC,INTEL CORP,47.16,47.79,47.41,16906929.0,0.011521,4430000.0,47.24,0.000535
1031738,2019-09-03,3.0,INTC,INTEL CORP,46.495,47.22,46.98,14991989.0,-0.009070,4430000.0,47.12,-0.007327
1031739,2019-09-04,3.0,INTC,INTEL CORP,47.54,48.95,48.92,23430699.0,0.041294,4430000.0,47.56,0.010668
1031740,2019-09-05,3.0,INTC,INTEL CORP,49.87,51.17,50.1,29971967.0,0.024121,4430000.0,49.925,0.01219
1031741,2019-09-06,3.0,INTC,INTEL CORP,50.07,50.99,50.92,17050182.0,0.016367,4430000.0,50.25,0.000226
1031742,2019-09-09,3.0,INTC,INTEL CORP,51.02,52.03,51.59,20664870.0,0.013158,4430000.0,51.06,0.00052
1031743,2019-09-10,3.0,INTC,INTEL CORP,50.825,51.84,51.82,18486029.0,0.004458,4430000.0,51.33,0.001183
1031744,2019-09-11,3.0,INTC,INTEL CORP,51.38,52.79,52.79,18918547.0,0.018719,4430000.0,51.6,0.008071
1031745,2019-09-12,3.0,INTC,INTEL CORP,52.065,53.33,53.01,23246381.0,0.004167,4430000.0,53.0,0.002248
1031746,2019-09-13,3.0,INTC,INTEL CORP,52.2349,53.0,52.54,17997648.0,-0.008866,4430000.0,52.76,-0.000642
1031747,2019-09-16,3.0,INTC,INTEL CORP,51.7011,52.285,52.2,13340163.0,-0.006471,4430000.0,51.9,-0.001318
1031748,2019-09-17,3.0,INTC,INTEL CORP,51.35,52.144,51.95,19337554.0,-0.004789,4430000.0,52.05,0.002149
1031749,2019-09-18,3.0,INTC,INTEL CORP,51.16,52.13,51.74,14989395.0,-0.004042,4430000.0,52.13,-0.000734
1031750,2019-09-19,3.0,INTC,INTEL CORP,51.5,51.99,51.57,11839179.0,-0.003286,4430000.0,51.7,-0.000197
1031751,2019-09-20,3.0,INTC,INTEL CORP,50.56,51.88,50.72,38604738.0,-0.016482,4430000.0,51.6,-0.004186
1031752,2019-09-23,3.0,INTC,INTEL CORP,50.39,51.225,50.9,21511996.0,0.003549,4430000.0,50.83,-0.000114
1031753,2019-09-24,3.0,INTC,INTEL CORP,49.64,51.18,49.82,28423334.0,-0.021218,4430000.0,51.1,-0.009389
1031754,2019-09-25,3.0,INTC,INTEL CORP,49.42,51.21,51.02,20074242.0,0.024087,4430000.0,49.75,0.005633
1031755,2019-09-26,3.0,INTC,INTEL CORP,50.34,51.145,50.92,11469005.0,-0.001960,4430000.0,50.98,-0.003164
1031756,2019-09-27,3.0,INTC,INTEL CORP,50.34,51.22,50.78,14835106.0,-0.002749,4350000.0,50.63,-0.005904
1031757,2019-09-30,3.0,INTC,INTEL CORP,50.9384,51.595,51.53,14039991.0,0.014770,4350000.0,51.19,0.004387
1031758,2019-10-01,3.0,INTC,INTEL CORP,50.43,52.24,50.76,18471726.0,-0.014943,4350000.0,51.97,-0.012601
1031759,2019-10-02,3.0,INTC,INTEL CORP,48.98,50.37,49.39,21368246.0,-0.026990,4350000.0,50.31,-0.016134
1031760,2019-10-03,3.0,INTC,INTEL CORP,48.532,50.07,50.03,17209658.0,0.012958,4350000.0,49.5,0.00746
1031761,2019-10-04,3.0,INTC,INTEL CORP,50.03,50.97,50.92,12727071.0,0.017789,4350000.0,50.35,0.012642
1031762,2019-10-07,3.0,INTC,INTEL CORP,50.56,51.23,50.62,12696695.0,-0.005892,4350000.0,50.7,-0.003923
1031763,2019-10-08,3.0,INTC,INTEL CORP,49.61,50.48,49.725,17858933.0,-0.017681,4350000.0,50.16,-0.015089
1031764,2019-10-09,3.0,INTC,INTEL CORP,50.15,50.79,50.48,12171856.0,0.015184,4350000.0,50.47,0.00812
1031765,2019-10-10,3.0,INTC,INTEL CORP,50.4,51.775,51.11,14579029.0,0.012480,4350000.0,50.41,0.005591
1031766,2019-10-11,3.0,INTC,INTEL CORP,51.82,52.79,52.09,24129006.0,0.019174,4350000.0,52.0,0.011307
1031767,2019-10-14,3.0,INTC,INTEL CORP,51.44,51.95,51.64,16386599.0,-0.008639,4350000.0,51.9,-0.001613
1031768,2019-10-15,3.0,INTC,INTEL CORP,51.83,53.07,52.65,18924175.0,0.019559,4350000.0,51.93,0.009105
1031769,2019-10-16,3.0,INTC,INTEL CORP,52.12,52.56,52.445,15133652.0,-0.003894,4350000.0,52.35,-0.001941
1031770,2019-10-17,3.0,INTC,INTEL CORP,51.38,52.84,51.86,16872106.0,-0.011155,4350000.0,52.635,0.003632
1031771,2019-10-18,3.0,INTC,INTEL CORP,51.0291,51.82,51.36,16942843.0,-0.009641,4350000.0,51.75,-0.003737
1031772,2019-10-21,3.0,INTC,INTEL CORP,51.34,52.17,52.13,13083704.0,0.014992,4350000.0,51.52,0.006643
1031773,2019-10-22,3.0,INTC,INTEL CORP,51.8903,52.32,52.01,13307838.0,-0.002302,4350000.0,51.9,-0.00331
1031774,2019-10-23,3.0,INTC,INTEL CORP,51.2,51.96,51.72,16046319.0,-0.005576,4350000.0,51.37,0.002302
1031775,2019-10-24,3.0,INTC,INTEL CORP,51.43,52.43,52.23,25622192.0,0.009861,4350000.0,52.09,0.002331
1031776,2019-10-25,3.0,INTC,INTEL CORP,53.92,56.61,56.46,59744213.0,0.080988,4350000.0,54.19,0.004044
1031777,2019-10-28,3.0,INTC,INTEL CORP,56.06,56.81,56.76,32285141.0,0.005313,4350000.0,56.38,0.005233
1031778,2019-10-29,3.0,INTC,INTEL CORP,56.24,57.24,56.34,18133352.0,-0.007400,4350000.0,56.37,-0.00058
1031779,2019-10-30,3.0,INTC,INTEL CORP,55.615,56.63,56.6,15223899.0,0.004615,4350000.0,56.32,0.002667
1031780,2019-10-31,3.0,INTC,INTEL CORP,55.62,56.6,56.53,19220058.0,-0.001237,4350000.0,56.33,-0.003583
1031781,2019-11-01,3.0,INTC,INTEL CORP,55.62,56.6465,56.51,17923039.0,-0.000354,4350000.0,55.94,0.010064
1031782,2019-11-04,3.0,INTC,INTEL CORP,56.85,57.8,57.61,19049831.0,0.019466,4350000.0,56.93,0.003705
1031783,2019-11-05,3.0,INTC,INTEL CORP,57.21,58.35,57.55,20839944.0,-0.001042,4350000.0,57.47,-0.001083
1031784,2019-11-06,3.0,INTC,INTEL CORP,56.98,57.71,57.6,17690967.0,0.006342,4350000.0,57.49,-0.000398
1031785,2019-11-07,3.0,INTC,INTEL CORP,57.855,58.55,58.05,16932572.0,0.007813,4350000.0,58.0,0.002497
1031786,2019-11-08,3.0,INTC,INTEL CORP,57.31,58.3,58.27,11871656.0,0.003790,4350000.0,57.85,0.002511
1031787,2019-11-11,3.0,INTC,INTEL CORP,57.9,58.5,58.35,11193665.0,0.001373,4350000.0,57.97,-0.001634
1031788,2019-11-12,3.0,INTC,INTEL CORP,58.03,58.8,58.2,11938121.0,-0.002571,4350000.0,58.4,0.001096
1031789,2019-11-13,3.0,INTC,INTEL CORP,57.35,57.97,57.89,15393832.0,-0.005326,4350000.0,57.87,0.000297
1031790,2019-11-14,3.0,INTC,INTEL CORP,57.57,58.04,57.81,12130312.0,-0.001382,4350000.0,57.61,0.000733
1031791,2019-11-15,3.0,INTC,INTEL CORP,57.62,58.7,57.96,16091388.0,0.002595,4350000.0,58.17,0.006928
1031792,2019-11-18,3.0,INTC,INTEL CORP,57.57,58.48,58.25,16083371.0,0.005003,4350000.0,57.7,0.000109
1031793,2019-11-19,3.0,INTC,INTEL CORP,57.75,58.65,58.35,17044925.0,0.001717,4350000.0,58.48,-3.2e-05
1031794,2019-11-20,3.0,INTC,INTEL CORP,57.3664,58.36,57.9,18532340.0,-0.007712,4350000.0,58.26,-0.003095
1031795,2019-11-21,3.0,INTC,INTEL CORP,57.41,58.3,58.22,16107530.0,0.005527,4350000.0,57.49,-0.001769
1031796,2019-11-22,3.0,INTC,INTEL CORP,57.49,58.65,57.61,15674961.0,-0.010478,4350000.0,58.34,0.001995
1031797,2019-11-25,3.0,INTC,INTEL CORP,58.0,58.84,58.81,15001207.0,0.020830,4350000.0,58.0,0.008461
1031798,2019-11-26,3.0,INTC,INTEL CORP,58.45,59.13,58.9,22366877.0,0.001530,4350000.0,58.95,0.002192
1031799,2019-11-27,3.0,INTC,INTEL CORP,57.905,58.59,58.51,18164969.0,-0.006621,4350000.0,58.53,0.00419
1031800,2019-11-29,3.0,INTC,INTEL CORP,57.79,58.295,58.05,9481235.0,-0.007862,4350000.0,58.15,-0.00422
1031801,2019-12-02,3.0,INTC,INTEL CORP,57.47,58.69,57.66,19152731.0,-0.006718,4350000.0,58.55,-0.008632
1031802,2019-12-03,3.0,INTC,INTEL CORP,55.75,56.86,56.07,26522975.0,-0.027575,4350000.0,56.86,-0.005661
1031803,2019-12-04,3.0,INTC,INTEL CORP,55.86,56.66,56.02,18862879.0,-0.000892,4350000.0,56.66,0.00595
1031804,2019-12-05,3.0,INTC,INTEL CORP,55.76,56.41,56.08,17636013.0,0.001071,4350000.0,56.41,0.000879
1031805,2019-12-06,3.0,INTC,INTEL CORP,56.42,56.99,56.81,16436932.0,0.013017,4350000.0,56.66,0.008382
1031806,2019-12-09,3.0,INTC,INTEL CORP,56.5,56.96,56.53,14448735.0,-0.004929,4350000.0,56.54,-0.002762
1031807,2019-12-10,3.0,INTC,INTEL CORP,56.44,56.83,56.59,16124989.0,0.001061,4350000.0,56.71,-0.000744
1031808,2019-12-11,3.0,INTC,INTEL CORP,56.58,57.17,57.07,20010419.0,0.008482,4350000.0,56.91,0.002709
1031809,2019-12-12,3.0,INTC,INTEL CORP,56.61,58.05,57.55,27832594.0,0.008411,4350000.0,56.75,0.007662
1031810,2019-12-13,3.0,INTC,INTEL CORP,57.38,58.34,57.79,22773513.0,0.004170,4350000.0,57.55,-0.000146
1031811,2019-12-16,3.0,INTC,INTEL CORP,57.65,58.57,57.7,19072898.0,-0.001557,4350000.0,58.21,0.0068
1031812,2019-12-17,3.0,INTC,INTEL CORP,57.13,58.1,57.3,21603239.0,-0.006932,4350000.0,58.0,0.00052
1031813,2019-12-18,3.0,INTC,INTEL CORP,56.94,57.455,57.17,27994930.0,-0.002269,4350000.0,57.39,0.000145
1031814,2019-12-19,3.0,INTC,INTEL CORP,56.965,57.99,57.96,18827632.0,0.013818,4350000.0,57.17,0.004108
1031815,2019-12-20,3.0,INTC,INTEL CORP,57.89,59.05,58.95,49953058.0,0.017081,4350000.0,58.32,0.004422
1031816,2019-12-23,3.0,INTC,INTEL CORP,59.04,59.78,59.23,23549434.0,0.004750,4350000.0,59.06,0.000796
1031817,2019-12-24,3.0,INTC,INTEL CORP,59.16,59.48,59.41,6302179.0,0.003039,4350000.0,59.25,0.000268
1031818,2019-12-26,3.0,INTC,INTEL CORP,59.35,59.85,59.82,11475835.0,0.006901,4350000.0,59.41,0.00453
1031819,2019-12-27,3.0,INTC,INTEL CORP,59.9,60.48,60.08,14077047.0,0.004346,4350000.0,59.91,-0.000714
1031820,2019-12-30,3.0,INTC,INTEL CORP,59.38,60.05,59.62,12739359.0,-0.007657,4350000.0,59.99,-0.005336
1031821,2019-12-31,3.0,INTC,INTEL CORP,59.36,59.93,59.85,14404525.0,0.003858,4350000.0,59.62,0.002909
1764,2019-01-02,3.0,MSFT,MICROSOFT CORP,98.94,101.75,101.12,35347045.0,-0.004430,7683000.0,99.55,0.001783
1765,2019-01-03,3.0,MSFT,MICROSOFT CORP,97.2,100.185,97.4,42570779.0,-0.036788,7683000.0,100.1,-0.021219
1766,2019-01-04,3.0,MSFT,MICROSOFT CORP,98.93,102.51,101.93,44032862.0,0.046509,7683000.0,99.72,0.033399
1767,2019-01-07,3.0,MSFT,MICROSOFT CORP,100.98,103.2681,102.06,35650303.0,0.001275,7683000.0,101.64,0.009191
1768,2019-01-08,3.0,MSFT,MICROSOFT CORP,101.7134,103.97,102.8,31531077.0,0.007251,7683000.0,103.04,0.01024
1769,2019-01-09,3.0,MSFT,MICROSOFT CORP,103.2445,104.88,104.27,32279340.0,0.014300,7683000.0,103.86,0.005952
1770,2019-01-10,3.0,MSFT,MICROSOFT CORP,102.38,103.75,103.6,30055256.0,-0.006426,7683000.0,103.22,0.004468
1771,2019-01-11,3.0,MSFT,MICROSOFT CORP,101.64,103.44,102.8,28277502.0,-0.007722,7683000.0,103.19,-0.000161
1772,2019-01-14,3.0,MSFT,MICROSOFT CORP,101.26,102.8716,102.05,28416379.0,-0.007296,7683000.0,101.9,-0.005556
1773,2019-01-15,3.0,MSFT,MICROSOFT CORP,101.88,105.05,105.01,31572516.0,0.029005,7683000.0,102.51,0.009812
1774,2019-01-16,3.0,MSFT,MICROSOFT CORP,104.96,106.255,105.38,29843819.0,0.003523,7683000.0,105.26,0.003156
1775,2019-01-17,3.0,MSFT,MICROSOFT CORP,104.76,106.625,106.12,28385667.0,0.007022,7683000.0,105.0,0.007029
1776,2019-01-18,3.0,MSFT,MICROSOFT CORP,105.91,107.9,107.71,37412087.0,0.014983,7683000.0,107.46,0.012011
1777,2019-01-22,3.0,MSFT,MICROSOFT CORP,104.86,107.1,105.68,32363345.0,-0.018847,7683000.0,106.75,-0.014186
1778,2019-01-23,3.0,MSFT,MICROSOFT CORP,105.34,107.04,106.71,25902190.0,0.009746,7683000.0,106.12,0.001263
1779,2019-01-24,3.0,MSFT,MICROSOFT CORP,105.34,107.0,106.2,23161238.0,-0.004779,7683000.0,106.86,0.002762
1780,2019-01-25,3.0,MSFT,MICROSOFT CORP,106.59,107.88,107.17,31212898.0,0.009134,7672213.0,107.24,0.009511
1781,2019-01-28,3.0,MSFT,MICROSOFT CORP,104.66,106.48,105.08,29462419.0,-0.019502,7672213.0,106.26,-0.0065
1782,2019-01-29,3.0,MSFT,MICROSOFT CORP,102.17,104.97,102.94,31450347.0,-0.020365,7672213.0,104.88,-0.000924
1783,2019-01-30,3.0,MSFT,MICROSOFT CORP,104.33,106.38,106.38,49469836.0,0.033417,7672213.0,104.62,0.014227
1784,2019-01-31,3.0,MSFT,MICROSOFT CORP,103.18,105.22,104.43,55638678.0,-0.018330,7672213.0,103.8,0.008282
1785,2019-02-01,3.0,MSFT,MICROSOFT CORP,102.35,104.0999,102.78,35525014.0,-0.015800,7672213.0,103.775,0.001282
1786,2019-02-04,3.0,MSFT,MICROSOFT CORP,102.77,105.8,105.74,31306982.0,0.028799,7672213.0,102.87,0.006648
1787,2019-02-05,3.0,MSFT,MICROSOFT CORP,105.96,107.27,107.22,27311165.0,0.013997,7672213.0,106.06,0.004376
1788,2019-02-06,3.0,MSFT,MICROSOFT CORP,105.53,107.0,106.03,20583459.0,-0.011099,7672213.0,107.0,-0.00261
1789,2019-02-07,3.0,MSFT,MICROSOFT CORP,104.29,105.59,105.27,29734656.0,-0.007168,7672213.0,105.185,-0.008941
1790,2019-02-08,3.0,MSFT,MICROSOFT CORP,104.2603,105.78,105.67,21450093.0,0.003800,7672213.0,104.39,0.000396
1791,2019-02-11,3.0,MSFT,MICROSOFT CORP,104.965,106.58,105.25,18909663.0,-0.003975,7672213.0,106.2,0.001238
1792,2019-02-12,3.0,MSFT,MICROSOFT CORP,105.48,107.14,106.89,25033340.0,0.015582,7672213.0,106.14,0.012305
1793,2019-02-13,3.0,MSFT,MICROSOFT CORP,106.71,107.78,106.81,18392169.0,-0.000748,7672213.0,107.5,0.002718
1794,2019-02-14,3.0,MSFT,MICROSOFT CORP,105.66,107.29,106.9,21786673.0,0.000843,7672213.0,106.31,-0.001763
1795,2019-02-15,3.0,MSFT,MICROSOFT CORP,107.3624,108.3,108.22,26597090.0,0.012348,7672213.0,107.91,0.010757
1796,2019-02-19,3.0,MSFT,MICROSOFT CORP,107.78,108.66,108.17,18019764.0,-0.000462,7672213.0,107.79,0.002294
1797,2019-02-20,3.0,MSFT,MICROSOFT CORP,106.29,107.94,107.15,21600619.0,-0.005177,7672213.0,107.86,0.001967
1798,2019-02-21,3.0,MSFT,MICROSOFT CORP,106.87,109.48,109.41,29051931.0,0.021092,7672213.0,106.9,-0.003598
1799,2019-02-22,3.0,MSFT,MICROSOFT CORP,109.82,111.2,110.97,27755128.0,0.014258,7672213.0,110.05,0.006314
1800,2019-02-25,3.0,MSFT,MICROSOFT CORP,111.26,112.18,111.59,23747399.0,0.005587,7672213.0,111.76,0.00126
1801,2019-02-26,3.0,MSFT,MICROSOFT CORP,111.17,113.24,112.36,21530217.0,0.006900,7672213.0,111.26,-0.001514
1802,2019-02-27,3.0,MSFT,MICROSOFT CORP,110.88,112.36,112.17,21469722.0,-0.001691,7672213.0,111.69,0.000356
1803,2019-02-28,3.0,MSFT,MICROSOFT CORP,111.73,112.88,112.03,29070634.0,-0.001248,7672213.0,112.04,-0.003059
1804,2019-03-01,3.0,MSFT,MICROSOFT CORP,111.665,113.02,112.53,23494469.0,0.004463,7672213.0,112.89,0.005966
1805,2019-03-04,3.0,MSFT,MICROSOFT CORP,110.8,113.25,112.26,26602759.0,-0.002399,7672213.0,113.02,-0.004261
1806,2019-03-05,3.0,MSFT,MICROSOFT CORP,111.23,112.39,111.7,19537018.0,-0.004988,7672213.0,112.25,-0.001349
1807,2019-03-06,3.0,MSFT,MICROSOFT CORP,111.43,112.66,111.75,17680096.0,0.000448,7672213.0,111.87,-0.007799
1808,2019-03-07,3.0,MSFT,MICROSOFT CORP,109.865,111.55,110.39,25431238.0,-0.012170,7672213.0,111.4,-0.007671
1809,2019-03-08,3.0,MSFT,MICROSOFT CORP,108.8,110.71,110.51,22817031.0,0.001087,7672213.0,109.16,-0.001992
1810,2019-03-11,3.0,MSFT,MICROSOFT CORP,110.98,112.95,112.83,26480123.0,0.020994,7672213.0,110.99,0.014316
1811,2019-03-12,3.0,MSFT,MICROSOFT CORP,112.6499,113.99,113.62,26219725.0,0.007002,7672213.0,112.82,0.002711
1812,2019-03-13,3.0,MSFT,MICROSOFT CORP,113.78,115.0,114.5,35504271.0,0.007745,7672213.0,114.13,0.00635
1813,2019-03-14,3.0,MSFT,MICROSOFT CORP,114.33,115.2,114.59,30747567.0,0.000786,7672213.0,114.54,-0.001327
1814,2019-03-15,3.0,MSFT,MICROSOFT CORP,114.59,117.25,115.91,54659975.0,0.011519,7672213.0,115.34,0.004445
1815,2019-03-18,3.0,MSFT,MICROSOFT CORP,116.05,117.61,117.57,31198896.0,0.014321,7672213.0,116.17,0.004419
1816,2019-03-19,3.0,MSFT,MICROSOFT CORP,116.99,118.44,117.65,37585722.0,0.000680,7672213.0,118.09,-0.00072
1817,2019-03-20,3.0,MSFT,MICROSOFT CORP,116.71,118.75,117.52,28108943.0,-0.001105,7672213.0,117.39,-0.003265
1818,2019-03-21,3.0,MSFT,MICROSOFT CORP,117.09,120.82,120.22,29849246.0,0.022975,7672213.0,117.135,0.010215
1819,2019-03-22,3.0,MSFT,MICROSOFT CORP,117.04,119.59,117.05,33822376.0,-0.026368,7672213.0,119.5,-0.020391
1820,2019-03-25,3.0,MSFT,MICROSOFT CORP,116.3224,118.01,117.66,27062241.0,0.005211,7672213.0,116.56,-0.000409
1821,2019-03-26,3.0,MSFT,MICROSOFT CORP,116.85,118.705,117.91,26094665.0,0.002125,7672213.0,118.62,0.007708
1822,2019-03-27,3.0,MSFT,MICROSOFT CORP,115.5215,118.21,116.77,22728727.0,-0.009668,7672213.0,117.875,-0.004711
1823,2019-03-28,3.0,MSFT,MICROSOFT CORP,116.13,117.58,116.93,18333555.0,0.001370,7672213.0,117.44,0.003823
1824,2019-03-29,3.0,MSFT,MICROSOFT CORP,116.96,118.32,117.94,25387852.0,0.008638,7666000.0,118.07,0.005972
1825,2019-04-01,3.0,MSFT,MICROSOFT CORP,118.1,119.1085,119.02,22802687.0,0.009157,7666000.0,118.95,0.011159
1826,2019-04-02,3.0,MSFT,MICROSOFT CORP,118.52,119.48,119.19,18138297.0,0.001428,7666000.0,119.06,-0.00018
1827,2019-04-03,3.0,MSFT,MICROSOFT CORP,119.15,120.43,119.97,22857044.0,0.006544,7666000.0,119.86,0.002535
1828,2019-04-04,3.0,MSFT,MICROSOFT CORP,118.38,120.23,119.36,20107448.0,-0.005085,7666000.0,120.1,0.001776
1829,2019-04-05,3.0,MSFT,MICROSOFT CORP,119.37,120.23,119.89,15811745.0,0.004440,7666000.0,119.39,0.00511
1830,2019-04-08,3.0,MSFT,MICROSOFT CORP,118.64,120.02,119.93,15111375.0,0.000334,7666000.0,119.81,0.001025
1831,2019-04-09,3.0,MSFT,MICROSOFT CORP,118.58,119.54,119.28,17606600.0,-0.005420,7666000.0,118.63,-0.006506
1832,2019-04-10,3.0,MSFT,MICROSOFT CORP,119.54,120.35,120.19,16474569.0,0.007629,7666000.0,119.76,0.004709
1833,2019-04-11,3.0,MSFT,MICROSOFT CORP,119.92,120.85,120.33,14204789.0,0.001165,7666000.0,120.54,-0.000139
1834,2019-04-12,3.0,MSFT,MICROSOFT CORP,120.37,120.98,120.95,19739411.0,0.005152,7666000.0,120.64,0.006341
1835,2019-04-15,3.0,MSFT,MICROSOFT CORP,120.57,121.58,121.05,15787138.0,0.000827,7666000.0,120.94,-0.001043
1836,2019-04-16,3.0,MSFT,MICROSOFT CORP,120.1,121.65,120.77,14069587.0,-0.002313,7666000.0,121.64,0.000696
1837,2019-04-17,3.0,MSFT,MICROSOFT CORP,120.54,121.85,121.77,19294080.0,0.008280,7666000.0,121.24,-0.003126
1838,2019-04-18,3.0,MSFT,MICROSOFT CORP,121.3018,123.52,123.37,28036227.0,0.013140,7662818.0,122.19,0.001043
1839,2019-04-22,3.0,MSFT,MICROSOFT CORP,122.57,124.0,123.76,15641144.0,0.003161,7662818.0,122.62,0.000526
1840,2019-04-23,3.0,MSFT,MICROSOFT CORP,123.83,125.58,125.44,24018821.0,0.013575,7662818.0,124.1,0.00883
1841,2019-04-24,3.0,MSFT,MICROSOFT CORP,124.52,125.85,125.01,31246730.0,-0.003428,7662818.0,125.79,-0.002096
1842,2019-04-25,3.0,MSFT,MICROSOFT CORP,128.83,131.37,129.14999,38033668.0,0.033117,7662818.0,130.06,-0.001475
1843,2019-04-26,3.0,MSFT,MICROSOFT CORP,129.02,130.5152,129.89,23651801.0,0.005730,7662818.0,129.7,0.005325
1844,2019-04-29,3.0,MSFT,MICROSOFT CORP,129.35001,130.17999,129.77,16279958.0,-0.000924,7662818.0,129.89999,0.001373
1845,2019-04-30,3.0,MSFT,MICROSOFT CORP,129.3947,130.7,130.60001,24156237.0,0.006396,7662818.0,129.81,0.000314
1846,2019-05-01,3.0,MSFT,MICROSOFT CORP,127.7,130.64999,127.88,26797227.0,-0.020827,7662818.0,130.53,-0.007596
1847,2019-05-02,3.0,MSFT,MICROSOFT CORP,125.52,128.0,126.21,27345142.0,-0.013059,7662818.0,127.98,-0.001748
1848,2019-05-03,3.0,MSFT,MICROSOFT CORP,127.25,129.42999,128.89999,24886126.0,0.021314,7662818.0,127.36,0.010805
1849,2019-05-06,3.0,MSFT,MICROSOFT CORP,126.11,128.56,128.14999,24236372.0,-0.005818,7662818.0,126.39,-0.003971
1850,2019-05-07,3.0,MSFT,MICROSOFT CORP,124.22,127.18,125.52,36016178.0,-0.020523,7662818.0,126.46,-0.016155
1851,2019-05-08,3.0,MSFT,MICROSOFT CORP,124.75,126.37,125.51,28416197.0,-0.000080,7662818.0,125.44,-0.001653
1852,2019-05-09,3.0,MSFT,MICROSOFT CORP,123.57,125.79,125.5,27234632.0,-0.000080,7662818.0,124.29,-0.003028
1853,2019-05-10,3.0,MSFT,MICROSOFT CORP,123.82,127.93,127.13,30908084.0,0.012988,7662818.0,124.91,0.003795
1854,2019-05-13,3.0,MSFT,MICROSOFT CORP,123.04,125.55,123.35,33923763.0,-0.029733,7662818.0,124.11,-0.024509
1855,2019-05-14,3.0,MSFT,MICROSOFT CORP,123.7,125.88,124.73,25258715.0,0.011188,7662818.0,123.87,0.008823
1856,2019-05-15,3.0,MSFT,MICROSOFT CORP,123.7,126.71,126.02,24714908.0,0.014030,7662818.0,124.26,0.005591
1857,2019-05-16,3.0,MSFT,MICROSOFT CORP,126.46,129.38,128.92999,30105216.0,0.023092,7662818.0,126.75,0.008251
1858,2019-05-17,3.0,MSFT,MICROSOFT CORP,127.92,130.46001,128.07001,25746046.0,-0.006670,7662818.0,128.30499,-0.006858
1859,2019-05-20,3.0,MSFT,MICROSOFT CORP,125.7607,127.5894,126.22,23702634.0,-0.014445,7662818.0,126.52,-0.006567
1860,2019-05-21,3.0,MSFT,MICROSOFT CORP,126.58,127.5273,126.9,15284160.0,0.005387,7662818.0,127.43,0.00891
1861,2019-05-22,3.0,MSFT,MICROSOFT CORP,126.52,128.24001,127.67,15388185.0,0.006068,7662818.0,126.62,-0.003814
1862,2019-05-23,3.0,MSFT,MICROSOFT CORP,124.74,126.29,126.18,23599410.0,-0.011671,7662818.0,126.2,-0.012783
1863,2019-05-24,3.0,MSFT,MICROSOFT CORP,125.97,127.415,126.24,14099858.0,0.000475,7662818.0,126.91,0.002657
1864,2019-05-28,3.0,MSFT,MICROSOFT CORP,126.05,128.0,126.16,23110628.0,-0.000634,7662818.0,126.98,-0.00752
1865,2019-05-29,3.0,MSFT,MICROSOFT CORP,124.04,125.39,124.94,23004131.0,-0.009670,7662818.0,125.38,-0.006918
1866,2019-05-30,3.0,MSFT,MICROSOFT CORP,124.78,125.76,125.73,16819895.0,0.006323,7662818.0,125.26,0.001256
1867,2019-05-31,3.0,MSFT,MICROSOFT CORP,123.32,124.615,123.68,26634469.0,-0.016305,7662818.0,124.23,-0.011878
1868,2019-06-03,3.0,MSFT,MICROSOFT CORP,119.01,124.37,119.84,37938837.0,-0.031048,7662818.0,123.85,-0.002217
1869,2019-06-04,3.0,MSFT,MICROSOFT CORP,120.6522,123.28,123.16,29353642.0,0.027704,7662818.0,121.28,0.020846
1870,2019-06-05,3.0,MSFT,MICROSOFT CORP,124.21,125.87,125.83,24882340.0,0.021679,7662818.0,124.95,0.006402
1871,2019-06-06,3.0,MSFT,MICROSOFT CORP,125.6,127.97,127.82,21435414.0,0.015815,7662818.0,126.44,0.004934
1872,2019-06-07,3.0,MSFT,MICROSOFT CORP,128.25999,132.25,131.39999,33785188.0,0.028008,7662818.0,129.19,0.009588
1873,2019-06-10,3.0,MSFT,MICROSOFT CORP,132.0,134.08,132.60001,26462498.0,0.009133,7662818.0,132.39999,0.004783
1874,2019-06-11,3.0,MSFT,MICROSOFT CORP,131.2757,134.24001,132.10001,23891429.0,-0.003771,7662818.0,133.88,-0.000633
1875,2019-06-12,3.0,MSFT,MICROSOFT CORP,130.71001,131.97,131.49001,17069064.0,-0.004618,7662818.0,131.39999,-0.001915
1876,2019-06-13,3.0,MSFT,MICROSOFT CORP,131.56,132.67,132.32001,17185925.0,0.006312,7662818.0,131.98,0.004579
1877,2019-06-14,3.0,MSFT,MICROSOFT CORP,131.64,133.78999,132.45,17812028.0,0.000982,7662818.0,132.25999,-0.002818
1878,2019-06-17,3.0,MSFT,MICROSOFT CORP,132.53,133.73,132.85001,14501985.0,0.003020,7662818.0,132.63,0.001303
1879,2019-06-18,3.0,MSFT,MICROSOFT CORP,133.57001,135.24001,135.16,25935262.0,0.017388,7662818.0,134.19,0.009941
1880,2019-06-19,3.0,MSFT,MICROSOFT CORP,133.81,135.92999,135.69,23731841.0,0.003921,7662818.0,135.0,0.003732
1881,2019-06-20,3.0,MSFT,MICROSOFT CORP,135.72,137.66,136.95,33026298.0,0.009286,7662818.0,137.45,0.008719
1882,2019-06-21,3.0,MSFT,MICROSOFT CORP,136.46001,137.73,136.97,36702792.0,0.000146,7662818.0,136.58,-0.002599
1883,2019-06-24,3.0,MSFT,MICROSOFT CORP,137.0,138.39999,137.78,20613941.0,0.005914,7662818.0,137.0,-0.002943
1884,2019-06-25,3.0,MSFT,MICROSOFT CORP,132.73,137.59,133.42999,33293121.0,-0.031572,7662818.0,137.25,-0.008988
1885,2019-06-26,3.0,MSFT,MICROSOFT CORP,133.60001,135.74001,133.92999,23622645.0,0.003747,7662818.0,134.35001,-0.001062
1886,2019-06-27,3.0,MSFT,MICROSOFT CORP,133.50999,134.71001,134.14999,16531607.0,0.001643,7662818.0,134.14,0.005561
1887,2019-06-28,3.0,MSFT,MICROSOFT CORP,133.15581,134.60001,133.96001,29993453.0,-0.001416,7643000.0,134.57001,0.006597
1888,2019-07-01,3.0,MSFT,MICROSOFT CORP,134.97,136.7,135.67999,22593660.0,0.012840,7643000.0,136.63,0.006612
1889,2019-07-02,3.0,MSFT,MICROSOFT CORP,135.34,136.59,136.58,15214121.0,0.006633,7643000.0,136.12,0.001988
1890,2019-07-03,3.0,MSFT,MICROSOFT CORP,136.295,137.74001,137.46001,13605696.0,0.006443,7643000.0,136.8,0.007527
1891,2019-07-05,3.0,MSFT,MICROSOFT CORP,135.72,137.33,137.06,18107440.0,-0.002910,7643000.0,135.94,-0.0012
1892,2019-07-08,3.0,MSFT,MICROSOFT CORP,135.3701,137.10001,136.96001,16749549.0,-0.000730,7643000.0,136.39999,-0.005374
1893,2019-07-09,3.0,MSFT,MICROSOFT CORP,135.8,136.97,136.46001,19869697.0,-0.003651,7643000.0,136.0,0.00155
1894,2019-07-10,3.0,MSFT,MICROSOFT CORP,137.02,138.58,137.85001,24186262.0,0.010186,7643000.0,137.13,0.004047
1895,2019-07-11,3.0,MSFT,MICROSOFT CORP,137.87,139.22,138.39999,22307050.0,0.003990,7643000.0,138.2,0.00124
1896,2019-07-12,3.0,MSFT,MICROSOFT CORP,138.0099,139.13,138.89999,18916532.0,0.003613,7643000.0,138.85001,0.00459
1897,2019-07-15,3.0,MSFT,MICROSOFT CORP,138.46001,139.53999,138.89999,16617357.0,0.000000,7643000.0,139.44,-0.000165
1898,2019-07-16,3.0,MSFT,MICROSOFT CORP,136.52,139.05,137.08,22589513.0,-0.013103,7643000.0,138.96001,-0.00298
1899,2019-07-17,3.0,MSFT,MICROSOFT CORP,136.22,137.92999,136.27,20177357.0,-0.005909,7643000.0,137.7,-0.005601
1900,2019-07-18,3.0,MSFT,MICROSOFT CORP,134.67,136.62,136.42,30784996.0,0.001101,7643000.0,135.55,0.003286
1901,2019-07-19,3.0,MSFT,MICROSOFT CORP,136.45,140.67,136.62,48986531.0,0.001466,7643000.0,140.22,-0.005648
1902,2019-07-22,3.0,MSFT,MICROSOFT CORP,137.33,139.19,138.42999,24988568.0,0.013248,7643000.0,137.41,0.002265
1903,2019-07-23,3.0,MSFT,MICROSOFT CORP,138.03,139.99001,139.28999,17915936.0,0.006213,7643000.0,139.75999,0.006228
1904,2019-07-24,3.0,MSFT,MICROSOFT CORP,138.85001,140.74001,140.72,20719273.0,0.010266,7643000.0,138.89999,0.005941
1905,2019-07-25,3.0,MSFT,MICROSOFT CORP,139.3215,140.61,140.19,18321066.0,-0.003766,7643000.0,140.42999,-0.006395
1906,2019-07-26,3.0,MSFT,MICROSOFT CORP,140.3,141.675,141.34,18983135.0,0.008203,7643000.0,140.37,0.007277
1907,2019-07-29,3.0,MSFT,MICROSOFT CORP,139.3663,141.50999,141.03,16580123.0,-0.002193,7635409.0,141.5,-0.002673
1908,2019-07-30,3.0,MSFT,MICROSOFT CORP,139.80051,141.21989,140.35001,16751991.0,-0.004822,7635409.0,140.14,-0.001424
1909,2019-07-31,3.0,MSFT,MICROSOFT CORP,135.08,140.49001,136.27,38587596.0,-0.029070,7635409.0,140.33,-0.01002
1910,2019-08-01,3.0,MSFT,MICROSOFT CORP,136.92999,140.93829,138.06,40487315.0,0.013136,7635409.0,137.0,-0.009321
1911,2019-08-02,3.0,MSFT,MICROSOFT CORP,135.25999,138.32001,136.89999,30779312.0,-0.008402,7635409.0,138.09,-0.007891
1912,2019-08-05,3.0,MSFT,MICROSOFT CORP,130.78,133.92979,132.21001,42744761.0,-0.034258,7635409.0,133.3,-0.02849
1913,2019-08-06,3.0,MSFT,MICROSOFT CORP,133.21001,135.67999,134.69,32652771.0,0.018758,7635409.0,133.8,0.011837
1914,2019-08-07,3.0,MSFT,MICROSOFT CORP,131.8284,135.64999,135.28,33407639.0,0.004380,7635409.0,133.78999,0.001263
1915,2019-08-08,3.0,MSFT,MICROSOFT CORP,135.92999,138.99001,138.89,27480008.0,0.026685,7635409.0,136.60001,0.018294
1916,2019-08-09,3.0,MSFT,MICROSOFT CORP,136.46001,139.38,137.71001,23455651.0,-0.008496,7635409.0,138.61,-0.007314
1917,2019-08-12,3.0,MSFT,MICROSOFT CORP,135.24001,137.86,135.78999,20473848.0,-0.013942,7635409.0,137.07001,-0.012145
1918,2019-08-13,3.0,MSFT,MICROSOFT CORP,135.0,138.8,138.60001,25477587.0,0.020694,7635409.0,136.05,0.013288
1919,2019-08-14,3.0,MSFT,MICROSOFT CORP,133.67,136.92,133.98,32513565.0,-0.030015,7635409.0,136.36,-0.028069
1920,2019-08-15,3.0,MSFT,MICROSOFT CORP,132.25,134.58,133.67999,28105416.0,-0.002239,7635409.0,134.39,0.001597
1921,2019-08-16,3.0,MSFT,MICROSOFT CORP,134.72,136.46001,136.13,24997821.0,0.018327,7635409.0,134.88,0.014762
1922,2019-08-19,3.0,MSFT,MICROSOFT CORP,136.88499,138.55,138.41,24324151.0,0.016749,7635409.0,137.855,0.010602
1923,2019-08-20,3.0,MSFT,MICROSOFT CORP,137.24001,138.71001,137.25999,21415462.0,-0.008309,7635409.0,138.21001,-0.00681
1924,2019-08-21,3.0,MSFT,MICROSOFT CORP,138.0,139.4935,138.78999,14966061.0,0.011147,7635409.0,138.55,0.007888
1925,2019-08-22,3.0,MSFT,MICROSOFT CORP,136.28999,139.2,137.78,18694534.0,-0.007277,7635409.0,138.66,-0.001054
1926,2019-08-23,3.0,MSFT,MICROSOFT CORP,132.8,138.35001,133.39,38505795.0,-0.031862,7635409.0,137.19,-0.024262
1927,2019-08-26,3.0,MSFT,MICROSOFT CORP,133.89999,135.56,135.45,20316924.0,0.015443,7635409.0,134.99001,0.009895
1928,2019-08-27,3.0,MSFT,MICROSOFT CORP,134.66,136.72,135.74001,23113135.0,0.002141,7635409.0,136.39,-0.003866
1929,2019-08-28,3.0,MSFT,MICROSOFT CORP,133.55,135.75999,135.56,17379248.0,-0.001326,7635409.0,134.88,0.006299
1930,2019-08-29,3.0,MSFT,MICROSOFT CORP,136.91,138.44,138.12,20158016.0,0.018885,7635409.0,137.25,0.012391
1931,2019-08-30,3.0,MSFT,MICROSOFT CORP,136.27,139.17999,137.86,23931933.0,-0.001882,7635409.0,139.14999,0.000535
1932,2019-09-03,3.0,MSFT,MICROSOFT CORP,135.7,137.2,136.03999,18867077.0,-0.013202,7635409.0,136.61,-0.007327
1933,2019-09-04,3.0,MSFT,MICROSOFT CORP,136.48,137.69,137.63,17995110.0,0.011688,7635409.0,137.3,0.010668
1934,2019-09-05,3.0,MSFT,MICROSOFT CORP,138.75999,140.3837,140.05,26075218.0,0.017583,7635409.0,139.11,0.01219
1935,2019-09-06,3.0,MSFT,MICROSOFT CORP,138.2,140.17999,139.10001,20806799.0,-0.006783,7635409.0,140.03,0.000226
1936,2019-09-09,3.0,MSFT,MICROSOFT CORP,136.46001,139.75,137.52,25736462.0,-0.011359,7635409.0,139.59,0.00052
1937,2019-09-10,3.0,MSFT,MICROSOFT CORP,134.50999,136.8862,136.08,28881878.0,-0.010471,7635409.0,136.8,0.001183
1938,2019-09-11,3.0,MSFT,MICROSOFT CORP,135.09,136.27,136.12,24711517.0,0.000294,7635409.0,135.91,0.008071
1939,2019-09-12,3.0,MSFT,MICROSOFT CORP,136.87,138.42,137.52,26995881.0,0.010285,7635409.0,137.85001,0.002248
1940,2019-09-13,3.0,MSFT,MICROSOFT CORP,136.57001,138.06,137.32001,23324946.0,-0.001454,7635409.0,137.78,-0.000642
1941,2019-09-16,3.0,MSFT,MICROSOFT CORP,135.66,136.7,136.33,16720441.0,-0.007209,7635409.0,135.83,-0.001318
1942,2019-09-17,3.0,MSFT,MICROSOFT CORP,136.425,137.52,137.39,17968085.0,0.007775,7635409.0,136.96001,0.002149
1943,2019-09-18,3.0,MSFT,MICROSOFT CORP,136.52991,138.67,138.52,24447911.0,0.008225,7635409.0,137.36,-0.000734
1944,2019-09-19,3.0,MSFT,MICROSOFT CORP,140.07359,142.37,141.07001,36082309.0,0.018409,7635409.0,140.3,-0.000197
1945,2019-09-20,3.0,MSFT,MICROSOFT CORP,138.25,141.64999,139.44,40050316.0,-0.011555,7635409.0,141.00999,-0.004186
1946,2019-09-23,3.0,MSFT,MICROSOFT CORP,138.44,139.63,139.14,17890603.0,-0.002151,7635409.0,139.23,-0.000114
1947,2019-09-24,3.0,MSFT,MICROSOFT CORP,136.88,140.69,137.38,29988307.0,-0.012649,7635409.0,140.36,-0.009389
1948,2019-09-25,3.0,MSFT,MICROSOFT CORP,136.03,139.95799,139.36,22498411.0,0.014413,7635409.0,137.5,0.005633
1949,2019-09-26,3.0,MSFT,MICROSOFT CORP,138.44,140.17999,139.53999,17802781.0,0.001292,7635409.0,139.44,-0.003164
1950,2019-09-27,3.0,MSFT,MICROSOFT CORP,136.645,140.36,137.73,22482558.0,-0.012971,7635409.0,140.14999,-0.005904
1951,2019-09-30,3.0,MSFT,MICROSOFT CORP,137.78,139.215,139.03,18416080.0,0.009439,7634000.0,138.05,0.004387
1952,2019-10-01,3.0,MSFT,MICROSOFT CORP,137.0,140.25,137.07001,22564029.0,-0.014098,7634000.0,139.66,-0.012601
1953,2019-10-02,3.0,MSFT,MICROSOFT CORP,133.5799,136.37,134.64999,32009986.0,-0.017655,7634000.0,136.25,-0.016134
1954,2019-10-03,3.0,MSFT,MICROSOFT CORP,133.22,136.75,136.28,26366086.0,0.012105,7634000.0,134.95,0.00746
1955,2019-10-04,3.0,MSFT,MICROSOFT CORP,136.42,138.25,138.12,23822220.0,0.013502,7634000.0,136.75,0.012642
1956,2019-10-07,3.0,MSFT,MICROSOFT CORP,137.02,138.17999,137.12,16601209.0,-0.007240,7634000.0,137.14,-0.003923
1957,2019-10-08,3.0,MSFT,MICROSOFT CORP,135.62,137.75999,135.67,26762297.0,-0.010575,7695352.0,137.08,-0.015089
1958,2019-10-09,3.0,MSFT,MICROSOFT CORP,136.97,138.7,138.24001,20168852.0,0.018943,7695352.0,137.46001,0.00812
1959,2019-10-10,3.0,MSFT,MICROSOFT CORP,138.25,139.66991,139.10001,18376105.0,0.006221,7695352.0,138.49001,0.005591
1960,2019-10-11,3.0,MSFT,MICROSOFT CORP,139.5,141.03,139.67999,25522768.0,0.004170,7695352.0,140.12,0.011307
1961,2019-10-14,3.0,MSFT,MICROSOFT CORP,139.52,140.28999,139.55,13579070.0,-0.000931,7695352.0,139.69,-0.001613
1962,2019-10-15,3.0,MSFT,MICROSOFT CORP,139.81,141.78999,141.575,19904310.0,0.014511,7695352.0,140.06,0.009105
1963,2019-10-16,3.0,MSFT,MICROSOFT CORP,139.53,140.99001,140.41,20802681.0,-0.008229,7695352.0,140.78999,-0.001941
1964,2019-10-17,3.0,MSFT,MICROSOFT CORP,139.02,141.42,139.69,22074530.0,-0.005128,7695352.0,140.95,0.003632
1965,2019-10-18,3.0,MSFT,MICROSOFT CORP,136.56,140.0,137.41,32242418.0,-0.016322,7628806.0,139.75999,-0.003737
1966,2019-10-21,3.0,MSFT,MICROSOFT CORP,137.00999,138.5,138.42999,20673437.0,0.007423,7628806.0,138.45,0.006643
1967,2019-10-22,3.0,MSFT,MICROSOFT CORP,136.25999,140.00999,136.37,27844235.0,-0.014881,7628806.0,138.97,-0.00331
1968,2019-10-23,3.0,MSFT,MICROSOFT CORP,135.61,137.45,137.24001,31322341.0,0.006380,7628806.0,136.88,0.002302
1969,2019-10-24,3.0,MSFT,MICROSOFT CORP,138.67,140.42,139.94,37231584.0,0.019674,7628806.0,139.39,0.002331
1970,2019-10-25,3.0,MSFT,MICROSOFT CORP,139.2,141.14,140.73,25940322.0,0.005645,7628806.0,139.34,0.004044
1971,2019-10-28,3.0,MSFT,MICROSOFT CORP,143.50999,145.67,144.19,35259532.0,0.024586,7628806.0,144.39999,0.005233
1972,2019-10-29,3.0,MSFT,MICROSOFT CORP,142.64999,144.5,142.83,20570969.0,-0.009432,7628806.0,144.08,-0.00058
1973,2019-10-30,3.0,MSFT,MICROSOFT CORP,142.78999,145.0,144.61,18485591.0,0.012462,7628806.0,143.52,0.002667
1974,2019-10-31,3.0,MSFT,MICROSOFT CORP,142.99001,144.92999,143.37,24593590.0,-0.008575,7628806.0,144.89999,-0.003583
1975,2019-11-01,3.0,MSFT,MICROSOFT CORP,142.965,144.42,143.72,33115486.0,0.002441,7628806.0,144.25999,0.010064
1976,2019-11-04,3.0,MSFT,MICROSOFT CORP,144.16,145.0,144.55,16888479.0,0.005775,7628806.0,144.83,0.003705
1977,2019-11-05,3.0,MSFT,MICROSOFT CORP,143.905,145.02,144.46001,18242181.0,-0.000623,7628806.0,144.97,-0.001083
1978,2019-11-06,3.0,MSFT,MICROSOFT CORP,143.2,144.52,144.06,16589237.0,-0.002769,7628806.0,144.37,-0.000398
1979,2019-11-07,3.0,MSFT,MICROSOFT CORP,143.77,144.88,144.25999,17770647.0,0.001388,7628806.0,143.84,0.002497
1980,2019-11-08,3.0,MSFT,MICROSOFT CORP,143.75999,145.99001,145.96001,16738239.0,0.011784,7628806.0,143.98,0.002511
1981,2019-11-11,3.0,MSFT,MICROSOFT CORP,144.73,146.42,146.11,14361992.0,0.001028,7628806.0,145.34,-0.001634
1982,2019-11-12,3.0,MSFT,MICROSOFT CORP,146.06,147.57001,147.07001,18617341.0,0.006570,7628806.0,146.28,0.001096
1983,2019-11-13,3.0,MSFT,MICROSOFT CORP,146.28,147.46249,147.31,17425121.0,0.001632,7628806.0,146.74001,0.000297
1984,2019-11-14,3.0,MSFT,MICROSOFT CORP,147.0,148.41,148.06,19744708.0,0.005091,7628806.0,147.02,0.000733
1985,2019-11-15,3.0,MSFT,MICROSOFT CORP,148.27,149.99001,149.97,23489761.0,0.012900,7628806.0,148.92999,0.006928
1986,2019-11-18,3.0,MSFT,MICROSOFT CORP,148.98,150.55,150.34,21535131.0,0.002467,7628806.0,150.07001,0.000109
1987,2019-11-19,3.0,MSFT,MICROSOFT CORP,150.19501,151.33,150.39,23942443.0,0.000333,7628806.0,150.88,-3.2e-05
1988,2019-11-20,3.0,MSFT,MICROSOFT CORP,148.46001,150.84,149.62,25899760.0,-0.001729,7628806.0,150.31,-0.003095
1989,2019-11-21,3.0,MSFT,MICROSOFT CORP,148.50101,149.8,149.48,18572783.0,-0.000936,7628806.0,149.39999,-0.001769
1990,2019-11-22,3.0,MSFT,MICROSOFT CORP,148.82001,150.3,149.59,15898420.0,0.000736,7628806.0,150.07001,0.001995
1991,2019-11-25,3.0,MSFT,MICROSOFT CORP,149.92,151.35001,151.23,22417952.0,0.010963,7628806.0,150.0,0.008461
1992,2019-11-26,3.0,MSFT,MICROSOFT CORP,151.32001,152.42,152.03,24619341.0,0.005290,7628806.0,151.36,0.002192
1993,2019-11-27,3.0,MSFT,MICROSOFT CORP,151.52,152.5,152.32001,15191860.0,0.001908,7628806.0,152.33,0.00419
1994,2019-11-29,3.0,MSFT,MICROSOFT CORP,151.28,152.3,151.38,11973128.0,-0.006171,7628806.0,152.10001,-0.00422
1995,2019-12-02,3.0,MSFT,MICROSOFT CORP,148.32001,151.83,149.55,27442189.0,-0.012089,7628806.0,151.81,-0.008632
1996,2019-12-03,3.0,MSFT,MICROSOFT CORP,146.64999,149.42999,149.31,25156098.0,-0.001605,7628806.0,147.49001,-0.005661
1997,2019-12-04,3.0,MSFT,MICROSOFT CORP,149.2,150.1799,149.85001,17540677.0,0.003617,7632139.0,150.14,0.00595
1998,2019-12-05,3.0,MSFT,MICROSOFT CORP,149.48,150.32001,149.92999,17853799.0,0.000534,7632139.0,150.05,0.000879
1999,2019-12-06,3.0,MSFT,MICROSOFT CORP,150.27,151.87,151.75,16382739.0,0.012139,7632139.0,150.99001,0.008382
2000,2019-12-09,3.0,MSFT,MICROSOFT CORP,150.91,152.21001,151.36,16699312.0,-0.002570,7632139.0,151.07001,-0.002762
2001,2019-12-10,3.0,MSFT,MICROSOFT CORP,150.765,151.89,151.13,16446008.0,-0.001520,7632139.0,151.28999,-0.000744
2002,2019-12-11,3.0,MSFT,MICROSOFT CORP,150.33,151.87,151.7,18831310.0,0.003772,7632139.0,151.53999,0.002709
2003,2019-12-12,3.0,MSFT,MICROSOFT CORP,151.02,153.44,153.24001,24614044.0,0.010152,7632139.0,151.64999,0.007662
2004,2019-12-13,3.0,MSFT,MICROSOFT CORP,152.83,154.89,154.53,23818041.0,0.008418,7632139.0,153.004,-0.000146
2005,2019-12-16,3.0,MSFT,MICROSOFT CORP,154.82001,155.89999,155.53,24119474.0,0.006471,7632139.0,155.11,0.0068
2006,2019-12-17,3.0,MSFT,MICROSOFT CORP,154.45,155.71001,154.69,25413765.0,-0.005401,7632139.0,155.45,0.00052
2007,2019-12-18,3.0,MSFT,MICROSOFT CORP,154.17999,155.48,154.37,24077567.0,-0.002069,7632139.0,154.3,0.000145
2008,2019-12-19,3.0,MSFT,MICROSOFT CORP,153.75,155.77,155.71001,25782854.0,0.008681,7632139.0,154.0,0.004108
2009,2019-12-20,3.0,MSFT,MICROSOFT CORP,156.28999,158.49001,157.41,53562690.0,0.010918,7632139.0,157.35001,0.004422
2010,2019-12-23,3.0,MSFT,MICROSOFT CORP,157.27,158.12,157.41,17693329.0,0.000000,7632139.0,158.12,0.000796
2011,2019-12-24,3.0,MSFT,MICROSOFT CORP,157.11501,157.71001,157.38,8981380.0,-0.000191,7632139.0,157.48,0.000268
2012,2019-12-26,3.0,MSFT,MICROSOFT CORP,157.39999,158.73,158.67,14513766.0,0.008197,7632139.0,157.56,0.00453
2013,2019-12-27,3.0,MSFT,MICROSOFT CORP,158.22,159.55,158.96001,18401203.0,0.001828,7632139.0,159.45,-0.000714
2014,2019-12-30,3.0,MSFT,MICROSOFT CORP,156.73,159.02,157.59,16329244.0,-0.008619,7632139.0,158.987,-0.005336
2015,2019-12-31,3.0,MSFT,MICROSOFT CORP,156.45,157.77,157.7,18362745.0,0.000698,7632139.0,156.77,0.002909
65878,2019-01-02,1.0,IBM,INTERNATIONAL BUSINESS MACHS COR,111.69,115.98,115.21,4239924.0,0.013548,908794.0,112.01,0.001783
65879,2019-01-03,1.0,IBM,INTERNATIONAL BUSINESS MACHS COR,112.69,114.88,112.91,4346659.0,-0.019964,908794.0,114.53,-0.021219
65880,2019-01-04,1.0,IBM,INTERNATIONAL BUSINESS MACHS COR,114.44,117.49,117.32,4477755.0,0.039058,908794.0,114.91,0.033399
65881,2019-01-07,1.0,IBM,INTERNATIONAL BUSINESS MACHS COR,116.67,118.83,118.15,3751204.0,0.007075,908794.0,117.5,0.009191
65882,2019-01-08,1.0,IBM,INTERNATIONAL BUSINESS MACHS COR,118.98,120.57,119.83,4763636.0,0.014219,908794.0,119.66,0.01024
65883,2019-01-09,1.0,IBM,INTERNATIONAL BUSINESS MACHS COR,119.87,121.4,120.69,3633663.0,0.007177,908794.0,120.91,0.005952
65884,2019-01-10,1.0,IBM,INTERNATIONAL BUSINESS MACHS COR,119.95,121.86,121.79,3909971.0,0.009114,908794.0,120.08,0.004468
65885,2019-01-11,1.0,IBM,INTERNATIONAL BUSINESS MACHS COR,120.2,121.615,121.46,3722370.0,-0.002710,908794.0,121.58,-0.000161
65886,2019-01-14,1.0,IBM,INTERNATIONAL BUSINESS MACHS COR,119.7607,120.6548,120.39,5228909.0,-0.008809,908794.0,120.51,-0.005556
65887,2019-01-15,1.0,IBM,INTERNATIONAL BUSINESS MACHS COR,120.82,121.93,121.73,3507719.0,0.011131,908794.0,120.96,0.009812
65888,2019-01-16,1.0,IBM,INTERNATIONAL BUSINESS MACHS COR,120.83,122.0,121.62,3841100.0,-0.000904,908794.0,121.58,0.003156
65889,2019-01-17,1.0,IBM,INTERNATIONAL BUSINESS MACHS COR,120.55,122.4085,122.19,5029871.0,0.004687,908794.0,120.56,0.007029
65890,2019-01-18,1.0,IBM,INTERNATIONAL BUSINESS MACHS COR,122.71,124.7175,123.82,6008509.0,0.013340,908794.0,123.27,0.012011
65891,2019-01-22,1.0,IBM,INTERNATIONAL BUSINESS MACHS COR,121.54,123.8,122.52,10052384.0,-0.010499,908794.0,123.3,-0.014186
65892,2019-01-23,1.0,IBM,INTERNATIONAL BUSINESS MACHS COR,130.31,135.0,132.89,22063666.0,0.084639,908794.0,131.37,0.001263
65893,2019-01-24,1.0,IBM,INTERNATIONAL BUSINESS MACHS COR,131.42999,133.2054,132.53,6322928.0,-0.002709,908794.0,132.63,0.002762
65894,2019-01-25,1.0,IBM,INTERNATIONAL BUSINESS MACHS COR,132.42999,134.44,133.97,5708500.0,0.010865,908794.0,132.87,0.009511
65895,2019-01-28,1.0,IBM,INTERNATIONAL BUSINESS MACHS COR,132.58,134.80499,134.27,5357736.0,0.002239,908794.0,133.10001,-0.0065
65896,2019-01-29,1.0,IBM,INTERNATIONAL BUSINESS MACHS COR,133.60001,135.4149,134.33,5037129.0,0.000447,908794.0,134.28999,-0.000924
65897,2019-01-30,1.0,IBM,INTERNATIONAL BUSINESS MACHS COR,133.25,135.03,134.38,4500919.0,0.000372,908794.0,134.0,0.014227
65898,2019-01-31,1.0,IBM,INTERNATIONAL BUSINESS MACHS COR,133.74001,134.716,134.42,4884031.0,0.000298,908794.0,134.45,0.008282
65899,2019-02-01,1.0,IBM,INTERNATIONAL BUSINESS MACHS COR,133.35001,135.2,134.10001,3806047.0,-0.002381,908794.0,134.97,0.001282
65900,2019-02-04,1.0,IBM,INTERNATIONAL BUSINESS MACHS COR,132.99001,135.2,135.19,3966597.0,0.008128,908794.0,134.02,0.006648
65901,2019-02-05,1.0,IBM,INTERNATIONAL BUSINESS MACHS COR,134.92,135.82001,135.55,5398907.0,0.002663,908794.0,135.28,0.004376
65902,2019-02-06,1.0,IBM,INTERNATIONAL BUSINESS MACHS COR,135.17,136.64999,136.32001,4879670.0,0.005681,908794.0,135.22,-0.00261
65903,2019-02-07,1.0,IBM,INTERNATIONAL BUSINESS MACHS COR,132.12,134.47,133.19,4379439.0,-0.011444,908794.0,133.55,-0.008941
65904,2019-02-08,1.0,IBM,INTERNATIONAL BUSINESS MACHS COR,132.19,133.71001,133.71001,3250074.0,0.003904,908794.0,132.34,0.000396
65905,2019-02-11,1.0,IBM,INTERNATIONAL BUSINESS MACHS COR,133.91,135.14999,133.99001,3095069.0,0.002094,908794.0,134.28999,0.001238
65906,2019-02-12,1.0,IBM,INTERNATIONAL BUSINESS MACHS COR,134.86,136.2,136.05,3317161.0,0.015374,908794.0,135.14999,0.012305
65907,2019-02-13,1.0,IBM,INTERNATIONAL BUSINESS MACHS COR,136.41,137.92,137.52,4253042.0,0.010805,908794.0,136.92,0.002718
65908,2019-02-14,1.0,IBM,INTERNATIONAL BUSINESS MACHS COR,136.21001,137.6019,136.48,2789839.0,-0.007563,908794.0,137.17,-0.001763
65909,2019-02-15,1.0,IBM,INTERNATIONAL BUSINESS MACHS COR,137.38499,138.185,138.03,3844062.0,0.011357,908794.0,137.58,0.010757
65910,2019-02-19,1.0,IBM,INTERNATIONAL BUSINESS MACHS COR,137.36,138.7,138.7,3385675.0,0.004854,908794.0,137.81,0.002294
65911,2019-02-20,1.0,IBM,INTERNATIONAL BUSINESS MACHS COR,137.22031,139.24001,138.0,3801979.0,-0.005047,908794.0,138.75999,0.001967
65912,2019-02-21,1.0,IBM,INTERNATIONAL BUSINESS MACHS COR,137.35001,138.35001,137.84,2937467.0,-0.001159,908794.0,137.82001,-0.003598
65913,2019-02-22,1.0,IBM,INTERNATIONAL BUSINESS MACHS COR,138.42999,139.38,139.25,3113698.0,0.010229,908794.0,138.73,0.006314
65914,2019-02-25,1.0,IBM,INTERNATIONAL BUSINESS MACHS COR,139.32001,140.47,139.46001,3194161.0,0.001508,908794.0,140.0,0.00126
65915,2019-02-26,1.0,IBM,INTERNATIONAL BUSINESS MACHS COR,139.47,140.49001,139.72,3060381.0,0.001864,908794.0,139.67,-0.001514
65916,2019-02-27,1.0,IBM,INTERNATIONAL BUSINESS MACHS COR,138.4007,139.57001,139.17,2530968.0,-0.003936,908794.0,139.25,0.000356
65917,2019-02-28,1.0,IBM,INTERNATIONAL BUSINESS MACHS COR,137.72,139.05499,138.13,3457788.0,-0.007473,889866.0,138.77,-0.003059
65918,2019-03-01,1.0,IBM,INTERNATIONAL BUSINESS MACHS COR,138.64,140.03999,139.2,3030044.0,0.007746,889866.0,139.31,0.005966
65919,2019-03-04,1.0,IBM,INTERNATIONAL BUSINESS MACHS COR,137.17,140.08,138.42999,3407217.0,-0.005532,889866.0,139.99001,-0.004261
65920,2019-03-05,1.0,IBM,INTERNATIONAL BUSINESS MACHS COR,137.55499,138.74001,137.88,4250650.0,-0.003973,889866.0,138.37,-0.001349
65921,2019-03-06,1.0,IBM,INTERNATIONAL BUSINESS MACHS COR,136.72,138.38921,136.98,2768256.0,-0.006527,889866.0,138.12,-0.007799
65922,2019-03-07,1.0,IBM,INTERNATIONAL BUSINESS MACHS COR,134.63429,136.89,135.36,4358802.0,-0.011827,889866.0,136.61,-0.007671
65923,2019-03-08,1.0,IBM,INTERNATIONAL BUSINESS MACHS COR,133.58,135.24001,135.09,3773722.0,-0.001995,889866.0,134.21001,-0.001992
65924,2019-03-11,1.0,IBM,INTERNATIONAL BUSINESS MACHS COR,135.84,137.73,137.71001,3939517.0,0.019395,889866.0,136.03,0.014316
65925,2019-03-12,1.0,IBM,INTERNATIONAL BUSINESS MACHS COR,137.86,139.69501,138.28,3954653.0,0.004139,889866.0,138.52,0.002711
65926,2019-03-13,1.0,IBM,INTERNATIONAL BUSINESS MACHS COR,137.85001,139.325,138.56,3173179.0,0.002025,889866.0,138.05,0.00635
65927,2019-03-14,1.0,IBM,INTERNATIONAL BUSINESS MACHS COR,138.06,138.94,138.78999,2738790.0,0.001660,889866.0,138.50999,-0.001327
65928,2019-03-15,1.0,IBM,INTERNATIONAL BUSINESS MACHS COR,139.23,140.33,139.42999,7153687.0,0.004611,889866.0,139.37,0.004445
65929,2019-03-18,1.0,IBM,INTERNATIONAL BUSINESS MACHS COR,138.72,140.36501,140.21001,3268510.0,0.005594,889866.0,139.83,0.004419
65930,2019-03-19,1.0,IBM,INTERNATIONAL BUSINESS MACHS COR,140.002,141.70239,140.49001,3482336.0,0.001997,889866.0,140.96001,-0.00072
65931,2019-03-20,1.0,IBM,INTERNATIONAL BUSINESS MACHS COR,138.98,140.7,139.60001,3649455.0,-0.006335,889866.0,140.53,-0.003265
65932,2019-03-21,1.0,IBM,INTERNATIONAL BUSINESS MACHS COR,138.88,142.12,141.44,3605420.0,0.013180,889866.0,139.10001,0.010215
65933,2019-03-22,1.0,IBM,INTERNATIONAL BUSINESS MACHS COR,138.89999,141.44,139.45,3877616.0,-0.014070,889866.0,140.97,-0.020391
65934,2019-03-25,1.0,IBM,INTERNATIONAL BUSINESS MACHS COR,138.35001,139.91,139.17999,2839766.0,-0.001936,889866.0,139.06,-0.000409
65935,2019-03-26,1.0,IBM,INTERNATIONAL BUSINESS MACHS COR,139.42,141.02,140.22,2553708.0,0.007472,889866.0,139.92999,0.007708
65936,2019-03-27,1.0,IBM,INTERNATIONAL BUSINESS MACHS COR,138.39999,140.49001,139.24001,3098233.0,-0.006989,889866.0,140.41,-0.004711
65937,2019-03-28,1.0,IBM,INTERNATIONAL BUSINESS MACHS COR,139.10001,140.44,139.92,2663884.0,0.004884,889866.0,139.91,0.003823
65938,2019-03-29,1.0,IBM,INTERNATIONAL BUSINESS MACHS COR,140.14999,141.22,141.10001,3101454.0,0.008433,889866.0,140.5,0.005972
65939,2019-04-01,1.0,IBM,INTERNATIONAL BUSINESS MACHS COR,141.50999,143.41,143.3,3984250.0,0.015592,889866.0,141.50999,0.011159
65940,2019-04-02,1.0,IBM,INTERNATIONAL BUSINESS MACHS COR,142.60001,143.95,143.0,2404920.0,-0.002094,889866.0,143.35001,-0.00018
65941,2019-04-03,1.0,IBM,INTERNATIONAL BUSINESS MACHS COR,143.00999,144.22,143.63,2681645.0,0.004406,889866.0,143.64999,0.002535
65942,2019-04-04,1.0,IBM,INTERNATIONAL BUSINESS MACHS COR,142.53999,144.14,142.78,2771462.0,-0.005918,889866.0,143.62,0.001776
65943,2019-04-05,1.0,IBM,INTERNATIONAL BUSINESS MACHS COR,142.46001,143.5,143.28,2731985.0,0.003502,889866.0,143.28999,0.00511
65944,2019-04-08,1.0,IBM,INTERNATIONAL BUSINESS MACHS COR,142.87,143.42,143.39,2118228.0,0.000768,889866.0,143.02,0.001025
65945,2019-04-09,1.0,IBM,INTERNATIONAL BUSINESS MACHS COR,141.84,142.95,142.11,3038460.0,-0.008927,889866.0,142.66,-0.006506
65946,2019-04-10,1.0,IBM,INTERNATIONAL BUSINESS MACHS COR,141.98,143.495,143.02,2678310.0,0.006404,889866.0,142.2,0.004709
65947,2019-04-11,1.0,IBM,INTERNATIONAL BUSINESS MACHS COR,143.03,144.11,143.78,2941985.0,0.005314,889866.0,143.8,-0.000139
65948,2019-04-12,1.0,IBM,INTERNATIONAL BUSINESS MACHS COR,143.7,144.44,144.35001,2898899.0,0.003964,889866.0,144.25999,0.006341
65949,2019-04-15,1.0,IBM,INTERNATIONAL BUSINESS MACHS COR,143.27,144.4597,143.89999,3603158.0,-0.003118,889866.0,144.39999,-0.001043
65950,2019-04-16,1.0,IBM,INTERNATIONAL BUSINESS MACHS COR,144.02,145.39,145.14,6301671.0,0.008617,889866.0,144.39999,0.000696
65951,2019-04-17,1.0,IBM,INTERNATIONAL BUSINESS MACHS COR,136.25999,141.98,139.11,12525693.0,-0.041546,889866.0,137.37,-0.003126
65952,2019-04-18,1.0,IBM,INTERNATIONAL BUSINESS MACHS COR,138.7,140.49001,140.33,4960015.0,0.008770,889866.0,139.0,0.001043
65953,2019-04-22,1.0,IBM,INTERNATIONAL BUSINESS MACHS COR,138.48,140.56,138.89,4494333.0,-0.010262,889866.0,139.42,0.000526
65954,2019-04-23,1.0,IBM,INTERNATIONAL BUSINESS MACHS COR,138.9399,140.92,140.44,4462240.0,0.011160,889866.0,139.14999,0.00883
65955,2019-04-24,1.0,IBM,INTERNATIONAL BUSINESS MACHS COR,139.78,141.31,139.95,2774867.0,-0.003489,889866.0,140.60001,-0.002096
65956,2019-04-25,1.0,IBM,INTERNATIONAL BUSINESS MACHS COR,137.71001,139.7482,138.63,2910113.0,-0.009432,889866.0,139.7,-0.001475
65957,2019-04-26,1.0,IBM,INTERNATIONAL BUSINESS MACHS COR,138.81,139.89,139.44,2319834.0,0.005843,889866.0,139.34,0.005325
65958,2019-04-29,1.0,IBM,INTERNATIONAL BUSINESS MACHS COR,138.81,139.63,139.05,2958333.0,-0.002797,889866.0,139.14999,0.001373
65959,2019-04-30,1.0,IBM,INTERNATIONAL BUSINESS MACHS COR,138.67999,140.44,140.27,4638828.0,0.008774,886643.0,139.11,0.000314
65960,2019-05-01,1.0,IBM,INTERNATIONAL BUSINESS MACHS COR,140.17,141.81,140.56,3053683.0,0.002067,886643.0,140.55,-0.007596
65961,2019-05-02,1.0,IBM,INTERNATIONAL BUSINESS MACHS COR,139.41,141.28,139.59,3541352.0,-0.006901,886643.0,140.5,-0.001748
65962,2019-05-03,1.0,IBM,INTERNATIONAL BUSINESS MACHS COR,139.63,141.0,140.25,2580034.0,0.004728,886643.0,139.7,0.010805
65963,2019-05-06,1.0,IBM,INTERNATIONAL BUSINESS MACHS COR,137.89999,140.69,140.38,2793655.0,0.000927,886643.0,138.3,-0.003971
65964,2019-05-07,1.0,IBM,INTERNATIONAL BUSINESS MACHS COR,136.19,139.50999,137.64,4726771.0,-0.019518,886643.0,139.14999,-0.016155
65965,2019-05-08,1.0,IBM,INTERNATIONAL BUSINESS MACHS COR,137.13,138.7,138.0,3818909.0,0.002616,886643.0,137.77,-0.001653
65966,2019-05-09,1.0,IBM,INTERNATIONAL BUSINESS MACHS COR,133.03,135.58479,135.34,4192942.0,-0.007536,886643.0,134.89,-0.003028
65967,2019-05-10,1.0,IBM,INTERNATIONAL BUSINESS MACHS COR,132.42,135.75,135.32001,3977686.0,-0.000148,886643.0,134.88,0.003795
65968,2019-05-13,1.0,IBM,INTERNATIONAL BUSINESS MACHS COR,130.96001,133.57001,131.42,4958021.0,-0.028821,886643.0,133.28,-0.024509
65969,2019-05-14,1.0,IBM,INTERNATIONAL BUSINESS MACHS COR,131.67999,134.32001,133.31,3280374.0,0.014381,886643.0,131.82001,0.008823
65970,2019-05-15,1.0,IBM,INTERNATIONAL BUSINESS MACHS COR,132.37,134.59,134.39999,2551009.0,0.008176,886643.0,132.59,0.005591
65971,2019-05-16,1.0,IBM,INTERNATIONAL BUSINESS MACHS COR,134.64,136.11,135.88,3017472.0,0.011012,886643.0,134.74001,0.008251
65972,2019-05-17,1.0,IBM,INTERNATIONAL BUSINESS MACHS COR,133.94,135.41,134.32001,2619135.0,-0.011481,886643.0,134.67999,-0.006858
65973,2019-05-20,1.0,IBM,INTERNATIONAL BUSINESS MACHS COR,132.9308,135.42999,135.12,3264649.0,0.005956,886643.0,133.53,-0.006567
65974,2019-05-21,1.0,IBM,INTERNATIONAL BUSINESS MACHS COR,135.78999,137.06,136.45,2503504.0,0.009843,886643.0,136.12,0.00891
65975,2019-05-22,1.0,IBM,INTERNATIONAL BUSINESS MACHS COR,135.71159,136.75,136.35001,1849821.0,-0.000733,886643.0,136.0,-0.003814
65976,2019-05-23,1.0,IBM,INTERNATIONAL BUSINESS MACHS COR,130.44,135.13,132.39,5343437.0,-0.029043,886643.0,135.13,-0.012783
65977,2019-05-24,1.0,IBM,INTERNATIONAL BUSINESS MACHS COR,131.59,134.245,132.28,2596121.0,-0.000831,886643.0,133.53,0.002657
65978,2019-05-28,1.0,IBM,INTERNATIONAL BUSINESS MACHS COR,130.27,132.64,130.46001,4909121.0,-0.013759,886643.0,132.13,-0.00752
65979,2019-05-29,1.0,IBM,INTERNATIONAL BUSINESS MACHS COR,128.32001,130.28,129.69,3678978.0,-0.005902,886643.0,130.0,-0.006918
65980,2019-05-30,1.0,IBM,INTERNATIONAL BUSINESS MACHS COR,128.92999,129.97,129.57001,2741880.0,-0.000925,886643.0,129.74001,0.001256
65981,2019-05-31,1.0,IBM,INTERNATIONAL BUSINESS MACHS COR,126.85,128.44,126.99,3539343.0,-0.019912,886643.0,128.44,-0.011878
65982,2019-06-03,1.0,IBM,INTERNATIONAL BUSINESS MACHS COR,127.06,128.56,128.27,4267080.0,0.010080,886643.0,127.1,-0.002217
65983,2019-06-04,1.0,IBM,INTERNATIONAL BUSINESS MACHS COR,129.08501,132.74001,132.69,3913535.0,0.034459,886643.0,129.56,0.020846
65984,2019-06-05,1.0,IBM,INTERNATIONAL BUSINESS MACHS COR,130.47,133.61,131.49001,3161584.0,-0.009044,886643.0,133.38,0.006402
65985,2019-06-06,1.0,IBM,INTERNATIONAL BUSINESS MACHS COR,130.89999,132.64999,132.22,2298248.0,0.005552,886643.0,132.19,0.004934
65986,2019-06-07,1.0,IBM,INTERNATIONAL BUSINESS MACHS COR,132.21001,134.72,133.31,2553398.0,0.008244,886643.0,132.47,0.009588
65987,2019-06-10,1.0,IBM,INTERNATIONAL BUSINESS MACHS COR,133.91,135.3526,134.74001,2911327.0,0.010727,886643.0,134.38,0.004783
65988,2019-06-11,1.0,IBM,INTERNATIONAL BUSINESS MACHS COR,135.05,136.46001,135.95,3407345.0,0.008980,886643.0,135.32001,-0.000633
65989,2019-06-12,1.0,IBM,INTERNATIONAL BUSINESS MACHS COR,134.41,135.94,134.87,2254741.0,-0.007944,886643.0,135.56,-0.001915
65990,2019-06-13,1.0,IBM,INTERNATIONAL BUSINESS MACHS COR,135.09,136.27,135.75999,2955419.0,0.006599,886643.0,135.13,0.004579
65991,2019-06-14,1.0,IBM,INTERNATIONAL BUSINESS MACHS COR,134.42999,135.88,135.14999,2193367.0,-0.004493,886643.0,135.44,-0.002818
65992,2019-06-17,1.0,IBM,INTERNATIONAL BUSINESS MACHS COR,134.7,136.03,134.95,2194129.0,-0.001480,886643.0,135.39,0.001303
65993,2019-06-18,1.0,IBM,INTERNATIONAL BUSINESS MACHS COR,135.2,137.19,136.38,2914698.0,0.010597,886643.0,135.2,0.009941
65994,2019-06-19,1.0,IBM,INTERNATIONAL BUSINESS MACHS COR,136.24001,138.36,137.08,2382520.0,0.005133,886643.0,136.42999,0.003732
65995,2019-06-20,1.0,IBM,INTERNATIONAL BUSINESS MACHS COR,138.2,139.53999,138.85001,3071017.0,0.012912,886643.0,138.92999,0.008719
65996,2019-06-21,1.0,IBM,INTERNATIONAL BUSINESS MACHS COR,138.39,139.53999,139.2,5288759.0,0.002521,886643.0,138.44,-0.002599
65997,2019-06-24,1.0,IBM,INTERNATIONAL BUSINESS MACHS COR,139.05,140.14999,139.35001,2186137.0,0.001078,886643.0,139.2,-0.002943
65998,2019-06-25,1.0,IBM,INTERNATIONAL BUSINESS MACHS COR,138.13,139.55,138.36,2801251.0,-0.007104,886643.0,139.46001,-0.008988
65999,2019-06-26,1.0,IBM,INTERNATIONAL BUSINESS MACHS COR,138.4073,139.67999,138.52,2284567.0,0.001156,886643.0,138.87,-0.001062
66000,2019-06-27,1.0,IBM,INTERNATIONAL BUSINESS MACHS COR,137.95,139.3,138.52,2149824.0,0.000000,886643.0,138.72,0.005561
66001,2019-06-28,1.0,IBM,INTERNATIONAL BUSINESS MACHS COR,137.84,139.14,137.89999,6154039.0,-0.004476,886643.0,138.57001,0.006597
66002,2019-07-01,1.0,IBM,INTERNATIONAL BUSINESS MACHS COR,139.28,141.49001,139.88,3387184.0,0.014358,886643.0,139.60001,0.006612
66003,2019-07-02,1.0,IBM,INTERNATIONAL BUSINESS MACHS COR,139.47,140.42999,140.22,2410092.0,0.002431,886643.0,139.75,0.001988
66004,2019-07-03,1.0,IBM,INTERNATIONAL BUSINESS MACHS COR,140.42999,141.82001,141.53999,1930361.0,0.009414,886643.0,140.72,0.007527
66005,2019-07-05,1.0,IBM,INTERNATIONAL BUSINESS MACHS COR,139.91,141.49001,141.38,2135085.0,-0.001130,886643.0,140.87,-0.0012
66006,2019-07-08,1.0,IBM,INTERNATIONAL BUSINESS MACHS COR,140.27,141.285,140.57001,2395487.0,-0.005729,886643.0,141.05,-0.005374
66007,2019-07-09,1.0,IBM,INTERNATIONAL BUSINESS MACHS COR,139.13,140.99001,139.33,3365227.0,-0.008821,886643.0,140.61,0.00155
66008,2019-07-10,1.0,IBM,INTERNATIONAL BUSINESS MACHS COR,139.78999,141.91,140.47,2513931.0,0.008182,886643.0,140.0,0.004047
66009,2019-07-11,1.0,IBM,INTERNATIONAL BUSINESS MACHS COR,140.3,141.58,141.24001,2133327.0,0.005482,886643.0,140.78999,0.00124
66010,2019-07-12,1.0,IBM,INTERNATIONAL BUSINESS MACHS COR,141.66,142.92,142.74001,2786276.0,0.010620,886643.0,141.92,0.00459
66011,2019-07-15,1.0,IBM,INTERNATIONAL BUSINESS MACHS COR,142.12,143.50999,143.32001,2368309.0,0.004063,886643.0,142.89,-0.000165
66012,2019-07-16,1.0,IBM,INTERNATIONAL BUSINESS MACHS COR,143.02,144.03999,143.53,3474688.0,0.001465,886643.0,143.17,-0.00298
66013,2019-07-17,1.0,IBM,INTERNATIONAL BUSINESS MACHS COR,141.95,143.8,143.07001,6064265.0,-0.003205,886643.0,143.61,-0.005601
66014,2019-07-18,1.0,IBM,INTERNATIONAL BUSINESS MACHS COR,142.2,150.31,149.63,12695387.0,0.045852,886643.0,142.5,0.003286
66015,2019-07-19,1.0,IBM,INTERNATIONAL BUSINESS MACHS COR,149.55,151.58,149.67999,7290678.0,0.000334,886643.0,149.96001,-0.005648
66016,2019-07-22,1.0,IBM,INTERNATIONAL BUSINESS MACHS COR,149.7,151.94,149.74001,4093239.0,0.000401,886643.0,150.16,0.002265
66017,2019-07-23,1.0,IBM,INTERNATIONAL BUSINESS MACHS COR,148.38,150.72,150.38,3742204.0,0.004274,886643.0,150.57001,0.006228
66018,2019-07-24,1.0,IBM,INTERNATIONAL BUSINESS MACHS COR,149.19501,151.45,150.03,2952435.0,-0.002327,886643.0,150.12,0.005941
66019,2019-07-25,1.0,IBM,INTERNATIONAL BUSINESS MACHS COR,148.61,150.62,150.39,3102113.0,0.002400,886643.0,149.82001,-0.006395
66020,2019-07-26,1.0,IBM,INTERNATIONAL BUSINESS MACHS COR,150.10001,151.41,151.36,2904494.0,0.006450,886643.0,151.0,0.007277
66021,2019-07-29,1.0,IBM,INTERNATIONAL BUSINESS MACHS COR,150.32001,151.48,150.88,2075528.0,-0.003171,886643.0,151.11,-0.002673
66022,2019-07-30,1.0,IBM,INTERNATIONAL BUSINESS MACHS COR,149.22,150.39999,149.77,2632726.0,-0.007357,886643.0,150.0,-0.001424
66023,2019-07-31,1.0,IBM,INTERNATIONAL BUSINESS MACHS COR,146.39,150.17999,148.24001,3722907.0,-0.010216,885875.0,149.7,-0.01002
66024,2019-08-01,1.0,IBM,INTERNATIONAL BUSINESS MACHS COR,148.5,152.82001,150.32001,6344006.0,0.014031,885875.0,148.89999,-0.009321
66025,2019-08-02,1.0,IBM,INTERNATIONAL BUSINESS MACHS COR,145.59,152.95,147.25,8101720.0,-0.020423,885875.0,149.03,-0.007891
66026,2019-08-05,1.0,IBM,INTERNATIONAL BUSINESS MACHS COR,139.14999,145.10001,140.75999,7114871.0,-0.044075,885875.0,144.98,-0.02849
66027,2019-08-06,1.0,IBM,INTERNATIONAL BUSINESS MACHS COR,139.31,142.47,140.73,5070650.0,-0.000213,885875.0,142.03,0.011837
66028,2019-08-07,1.0,IBM,INTERNATIONAL BUSINESS MACHS COR,136.4115,139.58,139.11,5931883.0,-0.011511,885875.0,138.74001,0.001263
66029,2019-08-08,1.0,IBM,INTERNATIONAL BUSINESS MACHS COR,137.75999,140.42,140.10001,5261444.0,0.018762,885875.0,138.45,0.018294
66030,2019-08-09,1.0,IBM,INTERNATIONAL BUSINESS MACHS COR,135.35001,139.31,136.13,5244594.0,-0.028337,885875.0,139.27,-0.007314
66031,2019-08-12,1.0,IBM,INTERNATIONAL BUSINESS MACHS COR,133.17999,135.87,133.67,4083850.0,-0.018071,885875.0,135.66,-0.012145
66032,2019-08-13,1.0,IBM,INTERNATIONAL BUSINESS MACHS COR,132.8058,136.57001,135.78999,4551170.0,0.015860,885875.0,133.8,0.013288
66033,2019-08-14,1.0,IBM,INTERNATIONAL BUSINESS MACHS COR,130.98,134.16,131.25,5114159.0,-0.033434,885875.0,133.91,-0.028069
66034,2019-08-15,1.0,IBM,INTERNATIONAL BUSINESS MACHS COR,130.25,132.37,131.92,3738945.0,0.005105,885875.0,131.22,0.001597
66035,2019-08-16,1.0,IBM,INTERNATIONAL BUSINESS MACHS COR,132.9539,134.59,133.75999,3011993.0,0.013948,885875.0,133.03999,0.014762
66036,2019-08-19,1.0,IBM,INTERNATIONAL BUSINESS MACHS COR,134.88,136.33,135.03999,3165436.0,0.009569,885875.0,134.88,0.010602
66037,2019-08-20,1.0,IBM,INTERNATIONAL BUSINESS MACHS COR,132.81,135.28,133.0,3018934.0,-0.015107,885875.0,135.24001,-0.00681
66038,2019-08-21,1.0,IBM,INTERNATIONAL BUSINESS MACHS COR,133.8,135.94,134.25,2806774.0,0.009398,885875.0,134.96001,0.007888
66039,2019-08-22,1.0,IBM,INTERNATIONAL BUSINESS MACHS COR,133.81,135.67999,134.32001,2695009.0,0.000521,885875.0,134.69,-0.001054
66040,2019-08-23,1.0,IBM,INTERNATIONAL BUSINESS MACHS COR,128.83,134.25999,129.57001,4818759.0,-0.035363,885875.0,133.63,-0.024262
66041,2019-08-26,1.0,IBM,INTERNATIONAL BUSINESS MACHS COR,129.16,131.3,129.99001,2836837.0,0.003241,885875.0,131.05,0.009895
66042,2019-08-27,1.0,IBM,INTERNATIONAL BUSINESS MACHS COR,130.31,131.69611,131.17,4728392.0,0.009078,885875.0,131.2,-0.003866
66043,2019-08-28,1.0,IBM,INTERNATIONAL BUSINESS MACHS COR,130.03999,132.89,132.75999,2720362.0,0.012122,885875.0,130.44,0.006299
66044,2019-08-29,1.0,IBM,INTERNATIONAL BUSINESS MACHS COR,134.03999,135.69,134.88,2972842.0,0.015969,885875.0,134.17999,0.012391
66045,2019-08-30,1.0,IBM,INTERNATIONAL BUSINESS MACHS COR,134.3627,136.07001,135.53,2960594.0,0.004819,885875.0,135.58,0.000535
66046,2019-09-03,1.0,IBM,INTERNATIONAL BUSINESS MACHS COR,133.33009,134.90131,134.10001,2828242.0,-0.010551,885875.0,134.85001,-0.007327
66047,2019-09-04,1.0,IBM,INTERNATIONAL BUSINESS MACHS COR,135.14999,136.42999,136.32001,2262081.0,0.016555,885875.0,135.71001,0.010668
66048,2019-09-05,1.0,IBM,INTERNATIONAL BUSINESS MACHS COR,138.05,141.69501,140.97,5012914.0,0.034111,885875.0,138.3,0.01219
66049,2019-09-06,1.0,IBM,INTERNATIONAL BUSINESS MACHS COR,140.46001,141.52499,140.57001,2577200.0,-0.002837,885875.0,141.52,0.000226
66050,2019-09-09,1.0,IBM,INTERNATIONAL BUSINESS MACHS COR,140.46001,143.02,142.60001,4226944.0,0.014441,885875.0,140.59,0.00052
66051,2019-09-10,1.0,IBM,INTERNATIONAL BUSINESS MACHS COR,142.96001,145.46001,145.05,4979741.0,0.017181,885875.0,143.0,0.001183
66052,2019-09-11,1.0,IBM,INTERNATIONAL BUSINESS MACHS COR,142.70509,145.12,143.60001,3869731.0,-0.009997,885875.0,144.85001,0.008071
66053,2019-09-12,1.0,IBM,INTERNATIONAL BUSINESS MACHS COR,141.88,144.03999,143.62,2505432.0,0.000139,885875.0,144.03,0.002248
66054,2019-09-13,1.0,IBM,INTERNATIONAL BUSINESS MACHS COR,143.25999,144.64999,143.67,2206612.0,0.000348,885875.0,144.32001,-0.000642
66055,2019-09-16,1.0,IBM,INTERNATIONAL BUSINESS MACHS COR,142.27,143.64,142.48,1928500.0,-0.008283,885875.0,142.56,-0.001318
66056,2019-09-17,1.0,IBM,INTERNATIONAL BUSINESS MACHS COR,140.66,142.48,142.2,2940494.0,-0.001965,885875.0,142.48,0.002149
66057,2019-09-18,1.0,IBM,INTERNATIONAL BUSINESS MACHS COR,140.50999,142.3,142.22,1995159.0,0.000141,885875.0,142.05,-0.000734
66058,2019-09-19,1.0,IBM,INTERNATIONAL BUSINESS MACHS COR,142.45,145.03,142.97,3182092.0,0.005274,885875.0,142.46001,-0.000197
66059,2019-09-20,1.0,IBM,INTERNATIONAL BUSINESS MACHS COR,141.82001,143.83,141.88,5217881.0,-0.007624,885875.0,143.25,-0.004186
66060,2019-09-23,1.0,IBM,INTERNATIONAL BUSINESS MACHS COR,140.558,142.22,142.07001,1850061.0,0.001339,885875.0,141.19,-0.000114
66061,2019-09-24,1.0,IBM,INTERNATIONAL BUSINESS MACHS COR,141.07001,142.89,141.67999,3311171.0,-0.002745,885875.0,142.5,-0.009389
66062,2019-09-25,1.0,IBM,INTERNATIONAL BUSINESS MACHS COR,140.8588,143.63,143.16,2546205.0,0.010446,885875.0,141.74001,0.005633
66063,2019-09-26,1.0,IBM,INTERNATIONAL BUSINESS MACHS COR,141.41,143.88,143.55,2314542.0,0.002724,885875.0,143.17,-0.003164
66064,2019-09-27,1.0,IBM,INTERNATIONAL BUSINESS MACHS COR,142.38,145.09,143.24001,2357082.0,-0.002160,885875.0,144.41,-0.005904
66065,2019-09-30,1.0,IBM,INTERNATIONAL BUSINESS MACHS COR,143.73,146.57001,145.42,4004429.0,0.015219,885875.0,143.73,0.004387
66066,2019-10-01,1.0,IBM,INTERNATIONAL BUSINESS MACHS COR,143.53999,147.35001,143.66,2973714.0,-0.012103,885875.0,145.59,-0.012601
66067,2019-10-02,1.0,IBM,INTERNATIONAL BUSINESS MACHS COR,140.57001,142.2659,141.69,3347276.0,-0.013713,885875.0,142.19,-0.016134
66068,2019-10-03,1.0,IBM,INTERNATIONAL BUSINESS MACHS COR,139.17999,142.07001,142.02,3161718.0,0.002329,885875.0,141.62,0.00746
66069,2019-10-04,1.0,IBM,INTERNATIONAL BUSINESS MACHS COR,141.03,143.06,142.99001,2449483.0,0.006830,885875.0,142.06,0.012642
66070,2019-10-07,1.0,IBM,INTERNATIONAL BUSINESS MACHS COR,141.22,142.7,141.28,2488799.0,-0.011959,885875.0,142.25999,-0.003923
66071,2019-10-08,1.0,IBM,INTERNATIONAL BUSINESS MACHS COR,138.25,140.4749,138.38,3344083.0,-0.020527,885875.0,140.24001,-0.015089
66072,2019-10-09,1.0,IBM,INTERNATIONAL BUSINESS MACHS COR,138.78999,140.33,139.67,2633472.0,0.009322,885875.0,139.77,0.00812
66073,2019-10-10,1.0,IBM,INTERNATIONAL BUSINESS MACHS COR,139.56,141.78,141.13,2646693.0,0.010453,885875.0,139.77,0.005591
66074,2019-10-11,1.0,IBM,INTERNATIONAL BUSINESS MACHS COR,142.61,144.5,142.75999,3018669.0,0.011550,885875.0,142.77,0.011307
66075,2019-10-14,1.0,IBM,INTERNATIONAL BUSINESS MACHS COR,141.32001,142.42999,142.03999,2325609.0,-0.005043,885875.0,142.31,-0.001613
66076,2019-10-15,1.0,IBM,INTERNATIONAL BUSINESS MACHS COR,141.81,143.72,143.0,3046999.0,0.006759,885875.0,142.53999,0.009105
66077,2019-10-16,1.0,IBM,INTERNATIONAL BUSINESS MACHS COR,141.3905,142.95,142.11,5915705.0,-0.006224,885875.0,142.49001,-0.001941
66078,2019-10-17,1.0,IBM,INTERNATIONAL BUSINESS MACHS COR,132.91,136.0,134.25999,15830810.0,-0.055239,885875.0,135.0,0.003632
66079,2019-10-18,1.0,IBM,INTERNATIONAL BUSINESS MACHS COR,132.25,134.49001,134.09,7178379.0,-0.001266,885875.0,134.22,-0.003737
66080,2019-10-21,1.0,IBM,INTERNATIONAL BUSINESS MACHS COR,130.89999,133.10001,132.58,6372983.0,-0.011261,885875.0,132.61,0.006643
66081,2019-10-22,1.0,IBM,INTERNATIONAL BUSINESS MACHS COR,131.61,134.05,133.96001,4195803.0,0.010409,885875.0,132.55,-0.00331
66082,2019-10-23,1.0,IBM,INTERNATIONAL BUSINESS MACHS COR,132.7,134.565,134.38,3627345.0,0.003135,885875.0,133.52,0.002302
66083,2019-10-24,1.0,IBM,INTERNATIONAL BUSINESS MACHS COR,133.3,135.07001,134.07001,2619309.0,-0.002307,885875.0,134.83,0.002331
66084,2019-10-25,1.0,IBM,INTERNATIONAL BUSINESS MACHS COR,134.10001,135.92999,135.44,2579055.0,0.010219,885875.0,134.12,0.004044
66085,2019-10-28,1.0,IBM,INTERNATIONAL BUSINESS MACHS COR,135.44501,136.63,135.97,3226132.0,0.003913,885875.0,136.0,0.005233
66086,2019-10-29,1.0,IBM,INTERNATIONAL BUSINESS MACHS COR,133.44,135.57001,133.82001,4160718.0,-0.015812,885875.0,135.42,-0.00058
66087,2019-10-30,1.0,IBM,INTERNATIONAL BUSINESS MACHS COR,133.2,135.28,135.25,2252989.0,0.010686,885875.0,133.83,0.002667
66088,2019-10-31,1.0,IBM,INTERNATIONAL BUSINESS MACHS COR,133.23,135.25,133.73,3412119.0,-0.011238,885637.0,135.11,-0.003583
66089,2019-11-01,1.0,IBM,INTERNATIONAL BUSINESS MACHS COR,134.09,135.56,135.53,3089789.0,0.013460,885637.0,134.5,0.010064
66090,2019-11-04,1.0,IBM,INTERNATIONAL BUSINESS MACHS COR,136.23,137.74001,137.67,3335389.0,0.015790,885637.0,136.24001,0.003705
66091,2019-11-05,1.0,IBM,INTERNATIONAL BUSINESS MACHS COR,137.63,138.75999,137.89,3014961.0,0.001598,885637.0,137.8,-0.001083
66092,2019-11-06,1.0,IBM,INTERNATIONAL BUSINESS MACHS COR,137.55,138.78,138.78,4477291.0,0.006454,885637.0,138.0,-0.000398
66093,2019-11-07,1.0,IBM,INTERNATIONAL BUSINESS MACHS COR,137.58,139.13499,137.69,4073908.0,0.003819,885637.0,137.87,0.002497
66094,2019-11-08,1.0,IBM,INTERNATIONAL BUSINESS MACHS COR,136.16,137.61,137.61,2278602.0,-0.000581,885637.0,137.58,0.002511
66095,2019-11-11,1.0,IBM,INTERNATIONAL BUSINESS MACHS COR,135.0,137.2,135.47,2568755.0,-0.015551,885637.0,137.2,-0.001634
66096,2019-11-12,1.0,IBM,INTERNATIONAL BUSINESS MACHS COR,135.02,136.66,135.59,3046536.0,0.000886,885637.0,135.87,0.001096
66097,2019-11-13,1.0,IBM,INTERNATIONAL BUSINESS MACHS COR,133.845,135.58,134.48,3060924.0,-0.008186,885637.0,135.39,0.000297
66098,2019-11-14,1.0,IBM,INTERNATIONAL BUSINESS MACHS COR,133.33,134.33,134.0,4231471.0,-0.003569,885637.0,134.13,0.000733
66099,2019-11-15,1.0,IBM,INTERNATIONAL BUSINESS MACHS COR,134.03,135.12,134.39999,3262656.0,0.002985,885637.0,134.39,0.006928
66100,2019-11-18,1.0,IBM,INTERNATIONAL BUSINESS MACHS COR,133.23,134.48,134.31,3210872.0,-0.000670,885637.0,134.3,0.000109
66101,2019-11-19,1.0,IBM,INTERNATIONAL BUSINESS MACHS COR,134.46001,135.38,134.52,2995071.0,0.001564,885637.0,134.88,-3.2e-05
66102,2019-11-20,1.0,IBM,INTERNATIONAL BUSINESS MACHS COR,132.75,134.4614,133.2,4140148.0,-0.009813,885637.0,134.06,-0.003095
66103,2019-11-21,1.0,IBM,INTERNATIONAL BUSINESS MACHS COR,132.98,134.17,133.84,3345343.0,0.004805,885637.0,133.39999,-0.001769
66104,2019-11-22,1.0,IBM,INTERNATIONAL BUSINESS MACHS COR,133.59,134.64999,134.34,3297797.0,0.003736,885637.0,134.19,0.001995
66105,2019-11-25,1.0,IBM,INTERNATIONAL BUSINESS MACHS COR,134.35001,136.0,135.97,2590170.0,0.012133,885637.0,134.47,0.008461
66106,2019-11-26,1.0,IBM,INTERNATIONAL BUSINESS MACHS COR,134.77,136.14999,135.09,3793337.0,-0.006472,885637.0,136.14999,0.002192
66107,2019-11-27,1.0,IBM,INTERNATIONAL BUSINESS MACHS COR,133.62,135.71001,133.77,3282827.0,-0.009771,885637.0,135.35001,0.00419
66108,2019-11-29,1.0,IBM,INTERNATIONAL BUSINESS MACHS COR,133.03,134.52,134.45,1825255.0,0.005083,885637.0,133.60001,-0.00422
66109,2019-12-02,1.0,IBM,INTERNATIONAL BUSINESS MACHS COR,132.48,134.5,132.91,3067831.0,-0.011454,885637.0,134.45,-0.008632
66110,2019-12-03,1.0,IBM,INTERNATIONAL BUSINESS MACHS COR,130.689,132.44,132.12,3711071.0,-0.005944,885637.0,132.0,-0.005661
66111,2019-12-04,1.0,IBM,INTERNATIONAL BUSINESS MACHS COR,131.96001,133.67999,131.99001,3530773.0,-0.000984,885637.0,132.86,0.00595
66112,2019-12-05,1.0,IBM,INTERNATIONAL BUSINESS MACHS COR,131.6264,133.24001,131.91,3598578.0,-0.000606,885637.0,132.99001,0.000879
66113,2019-12-06,1.0,IBM,INTERNATIONAL BUSINESS MACHS COR,132.7,133.89,133.22,3437994.0,0.009931,885637.0,132.75,0.008382
66114,2019-12-09,1.0,IBM,INTERNATIONAL BUSINESS MACHS COR,133.25999,134.59,133.92,2978801.0,0.005254,885637.0,133.35001,-0.002762
66115,2019-12-10,1.0,IBM,INTERNATIONAL BUSINESS MACHS COR,133.56,134.84,133.91,3480385.0,-0.000075,885637.0,133.92,-0.000744
66116,2019-12-11,1.0,IBM,INTERNATIONAL BUSINESS MACHS COR,133.67,134.50999,133.75999,3953311.0,-0.001120,885637.0,134.11,0.002709
66117,2019-12-12,1.0,IBM,INTERNATIONAL BUSINESS MACHS COR,133.66,135.6604,135.32001,4824186.0,0.011663,885637.0,133.7,0.007662
66118,2019-12-13,1.0,IBM,INTERNATIONAL BUSINESS MACHS COR,134.00999,135.5,134.21001,2534970.0,-0.008203,885637.0,134.75,-0.000146
66119,2019-12-16,1.0,IBM,INTERNATIONAL BUSINESS MACHS COR,133.85001,135.45,134.13,3049325.0,-0.000596,885637.0,134.94,0.0068
66120,2019-12-17,1.0,IBM,INTERNATIONAL BUSINESS MACHS COR,133.46001,134.69,134.22,2907547.0,0.000671,885637.0,134.28,0.00052
66121,2019-12-18,1.0,IBM,INTERNATIONAL BUSINESS MACHS COR,134.15041,135.0,134.41,3102353.0,0.001416,885637.0,134.55,0.000145
66122,2019-12-19,1.0,IBM,INTERNATIONAL BUSINESS MACHS COR,134.19,134.72501,134.56,3866717.0,0.001116,885637.0,134.46001,0.004108
66123,2019-12-20,1.0,IBM,INTERNATIONAL BUSINESS MACHS COR,134.95,136.42,135.59,7112072.0,0.007655,885637.0,135.74001,0.004422
66124,2019-12-23,1.0,IBM,INTERNATIONAL BUSINESS MACHS COR,135.0,136.14999,135.55,2803168.0,-0.000295,885637.0,135.78,0.000796
66125,2019-12-24,1.0,IBM,INTERNATIONAL BUSINESS MACHS COR,134.61,135.62,134.98,1202087.0,-0.004205,885637.0,135.61,0.000268
66126,2019-12-26,1.0,IBM,INTERNATIONAL BUSINESS MACHS COR,134.64999,135.3055,134.91,2130706.0,-0.000519,885637.0,134.98,0.00453
66127,2019-12-27,1.0,IBM,INTERNATIONAL BUSINESS MACHS COR,134.87,135.75,135.27,2752706.0,0.002668,885637.0,135.0,-0.000714
66128,2019-12-30,1.0,IBM,INTERNATIONAL BUSINESS MACHS COR,132.5,135.3,132.81,4118937.0,-0.018186,885637.0,135.2,-0.005336
66129,2019-12-31,1.0,IBM,INTERNATIONAL BUSINESS MACHS COR,132.39999,134.12,134.03999,3778012.0,0.009261,885637.0,132.53,0.002909
